sample,chrom,pos,marker_type,marker_type_label,ad_ref,ad_alt,dp,observed_vaf,expected_vaf,residual,included
1_99_F2-M1_v1,chr1,2405593,20,"host 0/0, donor 0/1",1407,1531,2938,0.521103,0.495506,0.025596,True
1_99_F2-M1_v1,chr1,3385111,20,"host 0/0, donor 0/1",2016,2823,4839,0.583385,0.495506,0.087879,False
1_99_F2-M1_v1,chr1,3385157,21,"host 1/1, donor 0/1",2825,2013,4838,0.416081,0.504494,-0.088413,False
1_99_F2-M1_v1,chr1,5874430,20,"host 0/0, donor 0/1",2769,2555,5324,0.479902,0.495506,-0.015604,True
1_99_F2-M1_v1,chr1,7160910,21,"host 1/1, donor 0/1",502,1873,2375,0.788632,0.504494,0.284138,True
1_99_F2-M1_v1,chr1,11030840,20,"host 0/0, donor 0/1",1960,2370,4330,0.547344,0.495506,0.051838,False
1_99_F2-M1_v1,chr1,11030859,21,"host 1/1, donor 0/1",2378,1952,4330,0.450808,0.504494,-0.053685,False
1_99_F2-M1_v1,chr1,12010235,20,"host 0/0, donor 0/1",799,988,1787,0.552882,0.495506,0.057375,False
1_99_F2-M1_v1,chr1,13828907,1,"host 1/1, donor 0/0",12848,121,12969,0.009330,0.008987,0.000343,True
1_99_F2-M1_v1,chr1,21577713,10,"host 0/1, donor 0/0",12586,0,12588,0.000000,0.004494,-0.004494,True
1_99_F2-M1_v1,chr1,21577774,21,"host 1/1, donor 0/1",5923,6664,12587,0.529435,0.504494,0.024942,True
1_99_F2-M1_v1,chr1,25563141,11,"host 0/1, donor 1/1",0,1835,1835,1.000000,0.995506,0.004494,True
1_99_F2-M1_v1,chr1,25563181,11,"host 0/1, donor 1/1",0,1841,1841,1.000000,0.995506,0.004494,True
1_99_F2-M1_v1,chr1,39883459,0,"host 0/0, donor 1/1",2,1430,1433,0.997906,0.991013,0.006894,True
1_99_F2-M1_v1,chr1,45331833,11,"host 0/1, donor 1/1",59,6788,6849,0.991094,0.995506,-0.004413,True
1_99_F2-M1_v1,chr1,45508256,21,"host 1/1, donor 0/1",2279,1761,4040,0.435891,0.504494,-0.068602,False
1_99_F2-M1_v1,chr1,54849938,10,"host 0/1, donor 0/0",3508,6,3515,0.001707,0.004494,-0.002787,True
1_99_F2-M1_v1,chr1,56875054,0,"host 0/0, donor 1/1",50,10263,10313,0.995152,0.991013,0.004139,True
1_99_F2-M1_v1,chr1,61016727,20,"host 0/0, donor 0/1",1542,1344,2886,0.465696,0.495506,-0.029810,True
1_99_F2-M1_v1,chr1,87959279,10,"host 0/1, donor 0/0",9640,25,9665,0.002587,0.004494,-0.001907,True
1_99_F2-M1_v1,chr1,99851033,21,"host 1/1, donor 0/1",3305,2578,5883,0.438212,0.504494,-0.066282,False
1_99_F2-M1_v1,chr1,102886895,11,"host 0/1, donor 1/1",10,15831,15842,0.999306,0.995506,0.003799,True
1_99_F2-M1_v1,chr1,108930151,20,"host 0/0, donor 0/1",9129,9448,18578,0.508559,0.495506,0.013052,True
1_99_F2-M1_v1,chr1,109606352,10,"host 0/1, donor 0/0",6916,284,7200,0.039444,0.004494,0.034951,True
1_99_F2-M1_v1,chr1,115693730,0,"host 0/0, donor 1/1",25,5069,5094,0.995092,0.991013,0.004079,True
1_99_F2-M1_v1,chr1,151341298,11,"host 0/1, donor 1/1",14,5030,5045,0.997027,0.995506,0.001520,True
1_99_F2-M1_v1,chr1,154585209,20,"host 0/0, donor 0/1",2227,1757,3984,0.441014,0.495506,-0.054492,True
1_99_F2-M1_v1,chr1,158642446,11,"host 0/1, donor 1/1",57,12633,12690,0.995508,0.995506,0.000002,True
1_99_F2-M1_v1,chr1,168313023,20,"host 0/0, donor 0/1",3799,4045,7845,0.515615,0.495506,0.020109,True
1_99_F2-M1_v1,chr1,171108024,10,"host 0/1, donor 0/0",20818,2,20823,0.000096,0.004494,-0.004397,True
1_99_F2-M1_v1,chr1,171108057,11,"host 0/1, donor 1/1",55,20757,20812,0.997357,0.995506,0.001851,True
1_99_F2-M1_v1,chr1,180274389,11,"host 0/1, donor 1/1",1,3012,3013,0.999668,0.995506,0.004162,True
1_99_F2-M1_v1,chr1,183208083,11,"host 0/1, donor 1/1",215,20586,20802,0.989616,0.995506,-0.005890,True
1_99_F2-M1_v1,chr1,186081285,20,"host 0/0, donor 0/1",7389,7380,14770,0.499661,0.495506,0.004155,True
1_99_F2-M1_v1,chr1,205160191,10,"host 0/1, donor 0/0",2753,6,2759,0.002175,0.004494,-0.002319,True
1_99_F2-M1_v1,chr1,212897868,10,"host 0/1, donor 0/0",6920,3,6923,0.000433,0.004494,-0.004060,True
1_99_F2-M1_v1,chr1,215675299,21,"host 1/1, donor 0/1",3119,2486,5605,0.443533,0.504494,-0.060961,False
1_99_F2-M1_v1,chr1,216046439,11,"host 0/1, donor 1/1",17,7189,7206,0.997641,0.995506,0.002134,True
1_99_F2-M1_v1,chr1,219391015,11,"host 0/1, donor 1/1",1,6060,6062,0.999670,0.995506,0.004164,True
1_99_F2-M1_v1,chr1,223005219,20,"host 0/0, donor 0/1",4629,1794,6424,0.279265,0.495506,-0.216241,True
1_99_F2-M1_v1,chr1,225290091,20,"host 0/0, donor 0/1",13580,14088,27670,0.509143,0.495506,0.013637,True
1_99_F2-M1_v1,chr1,226881976,1,"host 1/1, donor 0/0",2552,7,2559,0.002735,0.008987,-0.006252,True
1_99_F2-M1_v1,chr1,233312667,20,"host 0/0, donor 0/1",6352,5331,11683,0.456304,0.495506,-0.039202,True
1_99_F2-M1_v1,chr1,234373513,10,"host 0/1, donor 0/0",1495,5,1500,0.003333,0.004494,-0.001160,True
1_99_F2-M1_v1,chr1,236895528,21,"host 1/1, donor 0/1",1778,2062,3840,0.536979,0.504494,0.032486,True
1_99_F2-M1_v1,chr1,237377315,10,"host 0/1, donor 0/0",2838,5,2843,0.001759,0.004494,-0.002735,True
1_99_F2-M1_v1,chr1,237591040,1,"host 1/1, donor 0/0",3591,28,3619,0.007737,0.008987,-0.001250,True
1_99_F2-M1_v1,chr1,239718626,21,"host 1/1, donor 0/1",4087,4759,8846,0.537983,0.504494,0.033490,True
1_99_F2-M1_v1,chr1,242643443,1,"host 1/1, donor 0/0",14565,12,14577,0.000823,0.008987,-0.008164,True
1_99_F2-M1_v1,chr1,242643495,1,"host 1/1, donor 0/0",14561,14,14575,0.000961,0.008987,-0.008027,True
1_99_F2-M1_v1,chr1,247424175,1,"host 1/1, donor 0/0",6530,22,6553,0.003357,0.008987,-0.005630,True
1_99_F2-M1_v1,chr10,2364437,11,"host 0/1, donor 1/1",3,4717,4720,0.999364,0.995506,0.003858,True
1_99_F2-M1_v1,chr10,3331986,10,"host 0/1, donor 0/0",2233,9,2242,0.004014,0.004494,-0.000479,True
1_99_F2-M1_v1,chr10,6024232,11,"host 0/1, donor 1/1",81,7024,7108,0.988182,0.995506,-0.007324,True
1_99_F2-M1_v1,chr10,6024237,10,"host 0/1, donor 0/0",7030,79,7109,0.011113,0.004494,0.006619,True
1_99_F2-M1_v1,chr10,6573492,10,"host 0/1, donor 0/0",18177,239,18417,0.012977,0.004494,0.008484,True
1_99_F2-M1_v1,chr10,16937662,20,"host 0/0, donor 0/1",3153,4299,7452,0.576892,0.495506,0.081386,False
1_99_F2-M1_v1,chr10,17071564,10,"host 0/1, donor 0/0",12582,112,12695,0.008822,0.004494,0.004329,True
1_99_F2-M1_v1,chr10,26068891,10,"host 0/1, donor 0/0",6513,0,6514,0.000000,0.004494,-0.004494,True
1_99_F2-M1_v1,chr10,26174201,21,"host 1/1, donor 0/1",8234,9930,18166,0.546626,0.504494,0.042132,True
1_99_F2-M1_v1,chr10,27028911,20,"host 0/0, donor 0/1",2193,1760,3953,0.445231,0.495506,-0.050275,True
1_99_F2-M1_v1,chr10,27939936,10,"host 0/1, donor 0/0",24464,244,24708,0.009875,0.004494,0.005382,True
1_99_F2-M1_v1,chr10,53995731,10,"host 0/1, donor 0/0",27579,275,27854,0.009873,0.004494,0.005379,True
1_99_F2-M1_v1,chr10,55234056,0,"host 0/0, donor 1/1",620,28721,29342,0.978836,0.991013,-0.012177,True
1_99_F2-M1_v1,chr10,70888665,11,"host 0/1, donor 1/1",10,1627,1638,0.993284,0.995506,-0.002222,True
1_99_F2-M1_v1,chr10,71777601,20,"host 0/0, donor 0/1",2172,3722,5894,0.631490,0.495506,0.135983,False
1_99_F2-M1_v1,chr10,71777631,20,"host 0/0, donor 0/1",2154,3740,5894,0.634544,0.495506,0.139037,False
1_99_F2-M1_v1,chr10,76885695,20,"host 0/0, donor 0/1",15146,16530,31677,0.521830,0.495506,0.026323,True
1_99_F2-M1_v1,chr10,77975513,20,"host 0/0, donor 0/1",2260,1866,4126,0.452254,0.495506,-0.043252,True
1_99_F2-M1_v1,chr10,79946568,0,"host 0/0, donor 1/1",90,2517,2607,0.965478,0.991013,-0.025535,True
1_99_F2-M1_v1,chr10,84797402,1,"host 1/1, donor 0/0",6836,251,7087,0.035417,0.008987,0.026430,True
1_99_F2-M1_v1,chr10,90921172,0,"host 0/0, donor 1/1",1,269,270,0.996296,0.991013,0.005283,True
1_99_F2-M1_v1,chr10,94279840,21,"host 1/1, donor 0/1",1613,1212,2825,0.429027,0.504494,-0.075467,False
1_99_F2-M1_v1,chr10,95412838,11,"host 0/1, donor 1/1",29,10524,10553,0.997252,0.995506,0.001746,True
1_99_F2-M1_v1,chr10,95412855,11,"host 0/1, donor 1/1",52,10499,10553,0.994883,0.995506,-0.000623,True
1_99_F2-M1_v1,chr10,97759996,0,"host 0/0, donor 1/1",0,3688,3688,1.000000,0.991013,0.008987,True
1_99_F2-M1_v1,chr10,98417112,21,"host 1/1, donor 0/1",2215,2460,4677,0.525978,0.504494,0.021485,True
1_99_F2-M1_v1,chr10,102632740,20,"host 0/0, donor 0/1",2153,1619,3774,0.428988,0.495506,-0.066519,True
1_99_F2-M1_v1,chr10,102837167,11,"host 0/1, donor 1/1",8,5767,5775,0.998615,0.995506,0.003108,True
1_99_F2-M1_v1,chr10,102837224,11,"host 0/1, donor 1/1",9,5766,5775,0.998442,0.995506,0.002935,True
1_99_F2-M1_v1,chr10,118387100,11,"host 0/1, donor 1/1",148,11665,11813,0.987471,0.995506,-0.008035,True
1_99_F2-M1_v1,chr10,123054027,21,"host 1/1, donor 0/1",2627,2784,5411,0.514507,0.504494,0.010014,True
1_99_F2-M1_v1,chr10,130900156,1,"host 1/1, donor 0/0",4059,5,4064,0.001230,0.008987,-0.007757,True
1_99_F2-M1_v1,chr11,5078163,20,"host 0/0, donor 0/1",11665,8638,20306,0.425392,0.495506,-0.070115,True
1_99_F2-M1_v1,chr11,6634202,10,"host 0/1, donor 0/0",7883,26,7909,0.003287,0.004494,-0.001206,True
1_99_F2-M1_v1,chr11,9780378,10,"host 0/1, donor 0/0",5880,2,5882,0.000340,0.004494,-0.004154,True
1_99_F2-M1_v1,chr11,11074674,21,"host 1/1, donor 0/1",1913,953,2867,0.332403,0.504494,-0.172090,False
1_99_F2-M1_v1,chr11,22282943,21,"host 1/1, donor 0/1",2238,2360,4600,0.513043,0.504494,0.008550,True
1_99_F2-M1_v1,chr11,32396399,11,"host 0/1, donor 1/1",3,3830,3833,0.999217,0.995506,0.003711,True
1_99_F2-M1_v1,chr11,33802952,1,"host 1/1, donor 0/0",2093,10,2103,0.004755,0.008987,-0.004232,True
1_99_F2-M1_v1,chr11,45812647,10,"host 0/1, donor 0/0",1432,5,1437,0.003479,0.004494,-0.001014,True
1_99_F2-M1_v1,chr11,66026471,0,"host 0/0, donor 1/1",43,6377,6420,0.993302,0.991013,0.002289,True
1_99_F2-M1_v1,chr11,66909865,11,"host 0/1, donor 1/1",6,3437,3443,0.998257,0.995506,0.002751,True
1_99_F2-M1_v1,chr11,66909895,11,"host 0/1, donor 1/1",7,3436,3443,0.997967,0.995506,0.002460,True
1_99_F2-M1_v1,chr11,77194559,1,"host 1/1, donor 0/0",2359,163,2523,0.064606,0.008987,0.055619,True
1_99_F2-M1_v1,chr11,78114229,10,"host 0/1, donor 0/0",10851,220,11072,0.019870,0.004494,0.015376,True
1_99_F2-M1_v1,chr11,78574830,21,"host 1/1, donor 0/1",1143,838,1982,0.422805,0.504494,-0.081688,False
1_99_F2-M1_v1,chr11,86946478,1,"host 1/1, donor 0/0",3344,2,3346,0.000598,0.008987,-0.008389,True
1_99_F2-M1_v1,chr11,94492754,11,"host 0/1, donor 1/1",26,16721,16749,0.998328,0.995506,0.002822,True
1_99_F2-M1_v1,chr11,102722517,11,"host 0/1, donor 1/1",115,15712,15828,0.992671,0.995506,-0.002835,True
1_99_F2-M1_v1,chr11,102842889,11,"host 0/1, donor 1/1",122,11256,11378,0.989278,0.995506,-0.006229,True
1_99_F2-M1_v1,chr11,103187397,0,"host 0/0, donor 1/1",247,8736,8983,0.972504,0.991013,-0.018509,True
1_99_F2-M1_v1,chr11,103358299,11,"host 0/1, donor 1/1",217,22646,22863,0.990509,0.995506,-0.004998,True
1_99_F2-M1_v1,chr11,111853410,21,"host 1/1, donor 0/1",4077,4507,8585,0.524985,0.504494,0.020492,True
1_99_F2-M1_v1,chr11,112063783,21,"host 1/1, donor 0/1",3671,3834,7505,0.510859,0.504494,0.006366,True
1_99_F2-M1_v1,chr11,113412737,10,"host 0/1, donor 0/0",1274,67,1341,0.049963,0.004494,0.045469,True
1_99_F2-M1_v1,chr11,113412755,1,"host 1/1, donor 0/0",1264,77,1341,0.057420,0.008987,0.048433,True
1_99_F2-M1_v1,chr11,115336457,11,"host 0/1, donor 1/1",3,3680,3683,0.999185,0.995506,0.003679,True
1_99_F2-M1_v1,chr11,119096814,21,"host 1/1, donor 0/1",2028,1939,3967,0.488782,0.504494,-0.015711,True
1_99_F2-M1_v1,chr11,121128233,10,"host 0/1, donor 0/0",8743,61,8804,0.006929,0.004494,0.002435,True
1_99_F2-M1_v1,chr11,121312436,10,"host 0/1, donor 0/0",14671,184,14855,0.012386,0.004494,0.007893,True
1_99_F2-M1_v1,chr11,126021374,10,"host 0/1, donor 0/0",12011,23,12034,0.001911,0.004494,-0.002582,True
1_99_F2-M1_v1,chr11,126408180,1,"host 1/1, donor 0/0",7736,202,7938,0.025447,0.008987,0.016460,True
1_99_F2-M1_v1,chr11,126811972,10,"host 0/1, donor 0/0",4780,21,4802,0.004373,0.004494,-0.000120,True
1_99_F2-M1_v1,chr11,126812048,11,"host 0/1, donor 1/1",22,4780,4802,0.995419,0.995506,-0.000088,True
1_99_F2-M1_v1,chr12,779154,11,"host 0/1, donor 1/1",0,12960,12961,0.999923,0.995506,0.004416,True
1_99_F2-M1_v1,chr12,1793600,20,"host 0/0, donor 0/1",5664,4934,10599,0.465516,0.495506,-0.029991,True
1_99_F2-M1_v1,chr12,4662516,10,"host 0/1, donor 0/0",4498,7,4505,0.001554,0.004494,-0.002940,True
1_99_F2-M1_v1,chr12,4912875,11,"host 0/1, donor 1/1",22,5171,5193,0.995764,0.995506,0.000257,True
1_99_F2-M1_v1,chr12,5982039,11,"host 0/1, donor 1/1",139,1612,1751,0.920617,0.995506,-0.074890,True
1_99_F2-M1_v1,chr12,6800276,21,"host 1/1, donor 0/1",3744,3678,7422,0.495554,0.504494,-0.008940,True
1_99_F2-M1_v1,chr12,6836750,21,"host 1/1, donor 0/1",2093,2385,4478,0.532604,0.504494,0.028110,True
1_99_F2-M1_v1,chr12,6836810,10,"host 0/1, donor 0/0",4476,1,4477,0.000223,0.004494,-0.004270,True
1_99_F2-M1_v1,chr12,8604885,21,"host 1/1, donor 0/1",4976,4585,9564,0.479402,0.504494,-0.025092,True
1_99_F2-M1_v1,chr12,8868316,21,"host 1/1, donor 0/1",1787,2052,3839,0.534514,0.504494,0.030021,True
1_99_F2-M1_v1,chr12,11816636,11,"host 0/1, donor 1/1",118,14077,14196,0.991617,0.995506,-0.003889,True
1_99_F2-M1_v1,chr12,12717761,0,"host 0/0, donor 1/1",74,9092,9166,0.991927,0.991013,0.000914,True
1_99_F2-M1_v1,chr12,16385834,11,"host 0/1, donor 1/1",145,7042,7187,0.979825,0.995506,-0.015682,True
1_99_F2-M1_v1,chr12,21178665,10,"host 0/1, donor 0/0",6174,2,6176,0.000324,0.004494,-0.004170,True
1_99_F2-M1_v1,chr12,21536948,10,"host 0/1, donor 0/0",15422,175,15597,0.011220,0.004494,0.006727,True
1_99_F2-M1_v1,chr12,32821311,20,"host 0/0, donor 0/1",9410,9216,18626,0.494792,0.495506,-0.000714,True
1_99_F2-M1_v1,chr12,39294187,1,"host 1/1, donor 0/0",15763,13,15777,0.000824,0.008987,-0.008163,True
1_99_F2-M1_v1,chr12,40251455,20,"host 0/0, donor 0/1",7509,6969,14479,0.481318,0.495506,-0.014189,True
1_99_F2-M1_v1,chr12,40368129,20,"host 0/0, donor 0/1",3769,3174,6943,0.457151,0.495506,-0.038355,True
1_99_F2-M1_v1,chr12,40368149,20,"host 0/0, donor 0/1",3769,3174,6943,0.457151,0.495506,-0.038355,True
1_99_F2-M1_v1,chr12,40469250,20,"host 0/0, donor 0/1",1671,2762,4433,0.623054,0.495506,0.127548,False
1_99_F2-M1_v1,chr12,48921211,21,"host 1/1, donor 0/1",956,1016,1972,0.515213,0.504494,0.010719,True
1_99_F2-M1_v1,chr12,49957292,21,"host 1/1, donor 0/1",3393,3839,7232,0.530835,0.504494,0.026342,True
1_99_F2-M1_v1,chr12,51921453,10,"host 0/1, donor 0/0",11555,34,11590,0.002934,0.004494,-0.001560,True
1_99_F2-M1_v1,chr12,64482007,10,"host 0/1, donor 0/0",8133,1,8135,0.000123,0.004494,-0.004371,True
1_99_F2-M1_v1,chr12,66550928,10,"host 0/1, donor 0/0",5741,10,5753,0.001738,0.004494,-0.002755,True
1_99_F2-M1_v1,chr12,94093239,20,"host 0/0, donor 0/1",1553,591,2144,0.275653,0.495506,-0.219853,True
1_99_F2-M1_v1,chr12,95993843,21,"host 1/1, donor 0/1",1129,2088,3217,0.649052,0.504494,0.144558,True
1_99_F2-M1_v1,chr12,101685640,10,"host 0/1, donor 0/0",8480,17,8497,0.002001,0.004494,-0.002493,True
1_99_F2-M1_v1,chr12,102400737,11,"host 0/1, donor 1/1",83,3455,3538,0.976540,0.995506,-0.018966,True
1_99_F2-M1_v1,chr12,114355435,21,"host 1/1, donor 0/1",1215,1118,2333,0.479211,0.504494,-0.025282,True
1_99_F2-M1_v1,chr12,114671418,0,"host 0/0, donor 1/1",2,3931,3933,0.999491,0.991013,0.008479,True
1_99_F2-M1_v1,chr12,119194502,20,"host 0/0, donor 0/1",8732,6558,15292,0.428852,0.495506,-0.066655,True
1_99_F2-M1_v1,chr12,121858878,11,"host 0/1, donor 1/1",7,2487,2495,0.996794,0.995506,0.001287,True
1_99_F2-M1_v1,chr12,129906479,11,"host 0/1, donor 1/1",1,11007,11008,0.999909,0.995506,0.004403,True
1_99_F2-M1_v1,chr12,132625629,21,"host 1/1, donor 0/1",822,1115,1937,0.575632,0.504494,0.071139,True
1_99_F2-M1_v1,chr13,20188817,0,"host 0/0, donor 1/1",164,4222,4386,0.962608,0.991013,-0.028405,True
1_99_F2-M1_v1,chr13,21623771,0,"host 0/0, donor 1/1",47,6187,6234,0.992461,0.991013,0.001448,True
1_99_F2-M1_v1,chr13,23196991,1,"host 1/1, donor 0/0",2836,7,2843,0.002462,0.008987,-0.006525,True
1_99_F2-M1_v1,chr13,32319654,0,"host 0/0, donor 1/1",143,11756,11899,0.987982,0.991013,-0.003031,True
1_99_F2-M1_v1,chr13,53928411,20,"host 0/0, donor 0/1",2411,2896,5307,0.545694,0.495506,0.050188,False
1_99_F2-M1_v1,chr13,93226834,10,"host 0/1, donor 0/0",1901,9,1910,0.004712,0.004494,0.000218,True
1_99_F2-M1_v1,chr13,94404882,11,"host 0/1, donor 1/1",270,8842,9175,0.963706,0.995506,-0.031801,True
1_99_F2-M1_v1,chr13,99385979,1,"host 1/1, donor 0/0",12825,34,12859,0.002644,0.008987,-0.006343,True
1_99_F2-M1_v1,chr13,99386017,1,"host 1/1, donor 0/0",12817,34,12854,0.002645,0.008987,-0.006342,True
1_99_F2-M1_v1,chr13,101082860,20,"host 0/0, donor 0/1",4305,3968,8273,0.479633,0.495506,-0.015874,True
1_99_F2-M1_v1,chr13,102875987,1,"host 1/1, donor 0/0",7271,2,7273,0.000275,0.008987,-0.008712,True
1_99_F2-M1_v1,chr13,109886176,11,"host 0/1, donor 1/1",0,870,870,1.000000,0.995506,0.004494,True
1_99_F2-M1_v1,chr13,110167239,21,"host 1/1, donor 0/1",2311,1710,4021,0.425267,0.504494,-0.079226,False
1_99_F2-M1_v1,chr13,110211878,10,"host 0/1, donor 0/0",2507,3,2510,0.001195,0.004494,-0.003298,True
1_99_F2-M1_v1,chr13,110478172,1,"host 1/1, donor 0/0",11316,82,11403,0.007191,0.008987,-0.001796,True
1_99_F2-M1_v1,chr13,113147423,21,"host 1/1, donor 0/1",7741,4753,12494,0.380423,0.504494,-0.124071,False
1_99_F2-M1_v1,chr14,21786819,21,"host 1/1, donor 0/1",8252,8335,16587,0.502502,0.504494,-0.001992,True
1_99_F2-M1_v1,chr14,21786874,21,"host 1/1, donor 0/1",8252,8334,16586,0.502472,0.504494,-0.002022,True
1_99_F2-M1_v1,chr14,24081015,21,"host 1/1, donor 0/1",3336,4918,8254,0.595832,0.504494,0.091339,True
1_99_F2-M1_v1,chr14,31860865,11,"host 0/1, donor 1/1",179,17143,17322,0.989666,0.995506,-0.005840,True
1_99_F2-M1_v1,chr14,31860874,11,"host 0/1, donor 1/1",178,17125,17303,0.989713,0.995506,-0.005794,True
1_99_F2-M1_v1,chr14,36657839,11,"host 0/1, donor 1/1",12,117,129,0.906977,0.995506,-0.088530,True
1_99_F2-M1_v1,chr14,50265324,20,"host 0/0, donor 0/1",5655,7284,12940,0.562906,0.495506,0.067399,False
1_99_F2-M1_v1,chr14,54639365,20,"host 0/0, donor 0/1",11282,8485,19768,0.429229,0.495506,-0.066277,True
1_99_F2-M1_v1,chr14,56005997,21,"host 1/1, donor 0/1",2494,2191,4685,0.467663,0.504494,-0.036831,False
1_99_F2-M1_v1,chr14,56006020,21,"host 1/1, donor 0/1",2494,2191,4685,0.467663,0.504494,-0.036831,False
1_99_F2-M1_v1,chr14,64225747,10,"host 0/1, donor 0/0",3030,1,3031,0.000330,0.004494,-0.004164,True
1_99_F2-M1_v1,chr14,65075349,21,"host 1/1, donor 0/1",2774,3744,6518,0.574409,0.504494,0.069916,True
1_99_F2-M1_v1,chr14,67748071,1,"host 1/1, donor 0/0",2802,5,2807,0.001781,0.008987,-0.007206,True
1_99_F2-M1_v1,chr14,73198145,1,"host 1/1, donor 0/0",10573,17,10591,0.001605,0.008987,-0.007382,True
1_99_F2-M1_v1,chr14,74526097,0,"host 0/0, donor 1/1",300,4530,4830,0.937888,0.991013,-0.053125,True
1_99_F2-M1_v1,chr14,76501364,20,"host 0/0, donor 0/1",4147,4705,8853,0.531458,0.495506,0.035952,False
1_99_F2-M1_v1,chr14,77276318,1,"host 1/1, donor 0/0",18131,337,18469,0.018247,0.008987,0.009260,True
1_99_F2-M1_v1,chr14,81096654,10,"host 0/1, donor 0/0",14926,4,14933,0.000268,0.004494,-0.004226,True
1_99_F2-M1_v1,chr14,89256676,10,"host 0/1, donor 0/0",9300,3,9303,0.000322,0.004494,-0.004171,True
1_99_F2-M1_v1,chr14,91969243,0,"host 0/0, donor 1/1",355,17742,18097,0.980383,0.991013,-0.010629,True
1_99_F2-M1_v1,chr14,92083242,11,"host 0/1, donor 1/1",14,7268,7282,0.998077,0.995506,0.002571,True
1_99_F2-M1_v1,chr14,92083288,0,"host 0/0, donor 1/1",14,7269,7285,0.997804,0.991013,0.006791,True
1_99_F2-M1_v1,chr14,98379194,0,"host 0/0, donor 1/1",5,7296,7301,0.999315,0.991013,0.008302,True
1_99_F2-M1_v1,chr15,24326649,10,"host 0/1, donor 0/0",4815,13,4829,0.002692,0.004494,-0.001801,True
1_99_F2-M1_v1,chr15,27851307,11,"host 0/1, donor 1/1",0,266,266,1.000000,0.995506,0.004494,True
1_99_F2-M1_v1,chr15,34230478,1,"host 1/1, donor 0/0",6845,127,6972,0.018216,0.008987,0.009229,True
1_99_F2-M1_v1,chr15,36654102,0,"host 0/0, donor 1/1",8,15481,15490,0.999419,0.991013,0.008406,True
1_99_F2-M1_v1,chr15,39021201,10,"host 0/1, donor 0/0",2942,3,2945,0.001019,0.004494,-0.003475,True
1_99_F2-M1_v1,chr15,40035089,21,"host 1/1, donor 0/1",5990,6511,12501,0.520838,0.504494,0.016345,True
1_99_F2-M1_v1,chr15,40035100,21,"host 1/1, donor 0/1",5990,6510,12501,0.520758,0.504494,0.016265,True
1_99_F2-M1_v1,chr15,43253530,21,"host 1/1, donor 0/1",2639,3054,5693,0.536448,0.504494,0.031955,True
1_99_F2-M1_v1,chr15,48247390,11,"host 0/1, donor 1/1",154,4733,4887,0.968488,0.995506,-0.027019,True
1_99_F2-M1_v1,chr15,48410676,21,"host 1/1, donor 0/1",3451,3805,7256,0.524394,0.504494,0.019900,True
1_99_F2-M1_v1,chr15,53324712,21,"host 1/1, donor 0/1",1107,1431,2538,0.563830,0.504494,0.059336,True
1_99_F2-M1_v1,chr15,57843751,21,"host 1/1, donor 0/1",6111,6602,12713,0.519311,0.504494,0.014817,True
1_99_F2-M1_v1,chr15,57843817,21,"host 1/1, donor 0/1",6111,6599,12712,0.519116,0.504494,0.014622,True
1_99_F2-M1_v1,chr15,84798628,20,"host 0/0, donor 0/1",2295,2273,4568,0.497592,0.495506,0.002085,True
1_99_F2-M1_v1,chr15,84868461,20,"host 0/0, donor 0/1",2407,4705,7112,0.661558,0.495506,0.166051,False
1_99_F2-M1_v1,chr15,89301457,20,"host 0/0, donor 0/1",1909,2311,4221,0.547501,0.495506,0.051994,False
1_99_F2-M1_v1,chr15,99974409,21,"host 1/1, donor 0/1",1234,1605,2839,0.565340,0.504494,0.060846,True
1_99_F2-M1_v1,chr15,100048851,20,"host 0/0, donor 0/1",750,452,1202,0.376040,0.495506,-0.119467,True
1_99_F2-M1_v1,chr15,100261493,11,"host 0/1, donor 1/1",153,4838,4991,0.969345,0.995506,-0.026162,True
1_99_F2-M1_v1,chr15,100281371,11,"host 0/1, donor 1/1",24,9312,9336,0.997429,0.995506,0.001923,True
1_99_F2-M1_v1,chr16,3761555,20,"host 0/0, donor 0/1",4491,5190,9682,0.536046,0.495506,0.040540,False
1_99_F2-M1_v1,chr16,5818699,21,"host 1/1, donor 0/1",4361,5194,9555,0.543590,0.504494,0.039096,True
1_99_F2-M1_v1,chr16,5818728,21,"host 1/1, donor 0/1",4361,5195,9556,0.543638,0.504494,0.039144,True
1_99_F2-M1_v1,chr16,8746097,1,"host 1/1, donor 0/0",8983,95,9078,0.010465,0.008987,0.001478,True
1_99_F2-M1_v1,chr16,8811197,21,"host 1/1, donor 0/1",2818,1858,4676,0.397348,0.504494,-0.107145,False
1_99_F2-M1_v1,chr16,9760532,11,"host 0/1, donor 1/1",14,2242,2256,0.993794,0.995506,-0.001712,True
1_99_F2-M1_v1,chr16,10538128,21,"host 1/1, donor 0/1",1269,1030,2300,0.447826,0.504494,-0.056667,False
1_99_F2-M1_v1,chr16,57887848,1,"host 1/1, donor 0/0",4060,10,4070,0.002457,0.008987,-0.006530,True
1_99_F2-M1_v1,chr16,57916153,21,"host 1/1, donor 0/1",4418,6068,10486,0.578676,0.504494,0.074183,True
1_99_F2-M1_v1,chr16,57940336,10,"host 0/1, donor 0/0",1921,2,1923,0.001040,0.004494,-0.003454,True
1_99_F2-M1_v1,chr16,68687630,1,"host 1/1, donor 0/0",2618,3,2621,0.001145,0.008987,-0.007842,True
1_99_F2-M1_v1,chr16,70269677,11,"host 0/1, donor 1/1",135,12363,12498,0.989198,0.995506,-0.006308,True
1_99_F2-M1_v1,chr16,75474275,10,"host 0/1, donor 0/0",6472,28,6500,0.004308,0.004494,-0.000186,True
1_99_F2-M1_v1,chr16,75474336,11,"host 0/1, donor 1/1",27,6473,6500,0.995846,0.995506,0.000340,True
1_99_F2-M1_v1,chr16,81937798,1,"host 1/1, donor 0/0",1256,4,1260,0.003175,0.008987,-0.005812,True
1_99_F2-M1_v1,chr16,83032059,20,"host 0/0, donor 0/1",5565,4116,9684,0.425031,0.495506,-0.070475,True
1_99_F2-M1_v1,chr16,84041958,20,"host 0/0, donor 0/1",5270,7351,12622,0.582396,0.495506,0.086889,False
1_99_F2-M1_v1,chr17,2743054,11,"host 0/1, donor 1/1",11,4506,4517,0.997565,0.995506,0.002058,True
1_99_F2-M1_v1,chr17,3513261,21,"host 1/1, donor 0/1",2869,2436,5305,0.459189,0.504494,-0.045304,False
1_99_F2-M1_v1,chr17,6908210,1,"host 1/1, donor 0/0",4631,3,4634,0.000647,0.008987,-0.008340,True
1_99_F2-M1_v1,chr17,7770610,11,"host 0/1, donor 1/1",28,4124,4152,0.993256,0.995506,-0.002250,True
1_99_F2-M1_v1,chr17,7819047,1,"host 1/1, donor 0/0",17881,165,18046,0.009143,0.008987,0.000156,True
1_99_F2-M1_v1,chr17,10680397,11,"host 0/1, donor 1/1",0,2062,2062,1.000000,0.995506,0.004494,True
1_99_F2-M1_v1,chr17,11854239,20,"host 0/0, donor 0/1",5387,5437,10826,0.502217,0.495506,0.006710,True
1_99_F2-M1_v1,chr17,14077033,10,"host 0/1, donor 0/0",5034,173,5207,0.033225,0.004494,0.028731,True
1_99_F2-M1_v1,chr17,14191992,11,"host 0/1, donor 1/1",193,15759,15953,0.987839,0.995506,-0.007667,True
1_99_F2-M1_v1,chr17,17219013,1,"host 1/1, donor 0/0",6678,17,6695,0.002539,0.008987,-0.006448,True
1_99_F2-M1_v1,chr17,31159134,21,"host 1/1, donor 0/1",6556,5512,12068,0.456745,0.504494,-0.047748,False
1_99_F2-M1_v1,chr17,31327858,21,"host 1/1, donor 0/1",1574,1733,3307,0.524040,0.504494,0.019546,True
1_99_F2-M1_v1,chr17,41757818,20,"host 0/0, donor 0/1",538,955,1494,0.639224,0.495506,0.143717,False
1_99_F2-M1_v1,chr17,42562786,21,"host 1/1, donor 0/1",1507,1087,2595,0.418882,0.504494,-0.085611,False
1_99_F2-M1_v1,chr17,42913514,21,"host 1/1, donor 0/1",1093,1606,2699,0.595035,0.504494,0.090542,True
1_99_F2-M1_v1,chr17,42913521,21,"host 1/1, donor 0/1",1093,1606,2699,0.595035,0.504494,0.090542,True
1_99_F2-M1_v1,chr17,43189967,10,"host 0/1, donor 0/0",4619,8,4627,0.001729,0.004494,-0.002765,True
1_99_F2-M1_v1,chr17,44250123,10,"host 0/1, donor 0/0",705,0,705,0.000000,0.004494,-0.004494,True
1_99_F2-M1_v1,chr17,49995062,11,"host 0/1, donor 1/1",0,7867,7867,1.000000,0.995506,0.004494,True
1_99_F2-M1_v1,chr17,61679808,20,"host 0/0, donor 0/1",11504,9597,21101,0.454813,0.495506,-0.040694,True
1_99_F2-M1_v1,chr17,65528964,1,"host 1/1, donor 0/0",2189,1,2190,0.000457,0.008987,-0.008530,True
1_99_F2-M1_v1,chr17,70177590,0,"host 0/0, donor 1/1",504,13523,14029,0.963932,0.991013,-0.027081,True
1_99_F2-M1_v1,chr17,76470935,21,"host 1/1, donor 0/1",2376,1234,3610,0.341828,0.504494,-0.162665,False
1_99_F2-M1_v1,chr17,78529483,11,"host 0/1, donor 1/1",16,9891,9907,0.998385,0.995506,0.002879,True
1_99_F2-M1_v1,chr17,78560729,10,"host 0/1, donor 0/0",12519,144,12664,0.011371,0.004494,0.006877,True
1_99_F2-M1_v1,chr18,1127985,21,"host 1/1, donor 0/1",3054,1896,4950,0.383030,0.504494,-0.121463,False
1_99_F2-M1_v1,chr18,2920290,20,"host 0/0, donor 0/1",744,1867,2611,0.715052,0.495506,0.219545,False
1_99_F2-M1_v1,chr18,3067280,20,"host 0/0, donor 0/1",1607,1628,3235,0.503246,0.495506,0.007739,True
1_99_F2-M1_v1,chr18,3215232,11,"host 0/1, donor 1/1",11,6473,6485,0.998150,0.995506,0.002643,True
1_99_F2-M1_v1,chr18,4237574,21,"host 1/1, donor 0/1",16376,16311,32688,0.498990,0.504494,-0.005503,True
1_99_F2-M1_v1,chr18,13883940,1,"host 1/1, donor 0/0",13538,21,13559,0.001549,0.008987,-0.007438,True
1_99_F2-M1_v1,chr18,13884010,1,"host 1/1, donor 0/0",13536,23,13559,0.001696,0.008987,-0.007291,True
1_99_F2-M1_v1,chr18,23533321,10,"host 0/1, donor 0/0",3317,134,3451,0.038829,0.004494,0.034336,True
1_99_F2-M1_v1,chr18,25159037,10,"host 0/1, donor 0/0",29881,28,29909,0.000936,0.004494,-0.003557,True
1_99_F2-M1_v1,chr18,25498116,11,"host 0/1, donor 1/1",4,739,743,0.994616,0.995506,-0.000890,True
1_99_F2-M1_v1,chr18,26831149,21,"host 1/1, donor 0/1",4023,3911,7934,0.492942,0.504494,-0.011552,True
1_99_F2-M1_v1,chr18,36690353,21,"host 1/1, donor 0/1",5451,7175,12626,0.568272,0.504494,0.063778,True
1_99_F2-M1_v1,chr18,45739554,20,"host 0/0, donor 0/1",5228,3600,8829,0.407747,0.495506,-0.087759,True
1_99_F2-M1_v1,chr18,45917745,11,"host 0/1, donor 1/1",9,1700,1709,0.994734,0.995506,-0.000773,True
1_99_F2-M1_v1,chr18,46529070,21,"host 1/1, donor 0/1",3246,3664,6910,0.530246,0.504494,0.025752,True
1_99_F2-M1_v1,chr18,46529152,21,"host 1/1, donor 0/1",3246,3662,6909,0.530033,0.504494,0.025540,True
1_99_F2-M1_v1,chr18,55228300,11,"host 0/1, donor 1/1",5,3136,3141,0.998408,0.995506,0.002902,True
1_99_F2-M1_v1,chr18,57558545,0,"host 0/0, donor 1/1",85,5619,5705,0.984926,0.991013,-0.006087,True
1_99_F2-M1_v1,chr18,57697598,11,"host 0/1, donor 1/1",0,7999,7999,1.000000,0.995506,0.004494,True
1_99_F2-M1_v1,chr18,59328164,0,"host 0/0, donor 1/1",59,16196,16256,0.996309,0.991013,0.005296,True
1_99_F2-M1_v1,chr18,62147035,1,"host 1/1, donor 0/0",9054,13,9067,0.001434,0.008987,-0.007553,True
1_99_F2-M1_v1,chr19,1175397,10,"host 0/1, donor 0/0",5559,222,5784,0.038382,0.004494,0.033888,True
1_99_F2-M1_v1,chr19,2433892,11,"host 0/1, donor 1/1",103,4378,4481,0.977014,0.995506,-0.018492,True
1_99_F2-M1_v1,chr19,3119241,10,"host 0/1, donor 0/0",3703,51,3754,0.013586,0.004494,0.009092,True
1_99_F2-M1_v1,chr19,3925415,21,"host 1/1, donor 0/1",6164,6534,12698,0.514569,0.504494,0.010076,True
1_99_F2-M1_v1,chr19,6677978,10,"host 0/1, donor 0/0",4036,28,4064,0.006890,0.004494,0.002396,True
1_99_F2-M1_v1,chr19,10154572,11,"host 0/1, donor 1/1",0,2890,2890,1.000000,0.995506,0.004494,True
1_99_F2-M1_v1,chr19,10772450,11,"host 0/1, donor 1/1",120,6511,6631,0.981903,0.995506,-0.013603,True
1_99_F2-M1_v1,chr19,11252470,21,"host 1/1, donor 0/1",2360,967,3327,0.290652,0.504494,-0.213841,False
1_99_F2-M1_v1,chr19,27972429,21,"host 1/1, donor 0/1",6267,5715,11982,0.476965,0.504494,-0.027528,True
1_99_F2-M1_v1,chr19,29701692,20,"host 0/0, donor 0/1",9588,5943,15532,0.382629,0.495506,-0.112877,True
1_99_F2-M1_v1,chr19,30810979,10,"host 0/1, donor 0/0",4590,7,4597,0.001523,0.004494,-0.002971,True
1_99_F2-M1_v1,chr19,32869746,20,"host 0/0, donor 0/1",3384,1893,5277,0.358727,0.495506,-0.136780,True
1_99_F2-M1_v1,chr19,35525296,11,"host 0/1, donor 1/1",0,648,648,1.000000,0.995506,0.004494,True
1_99_F2-M1_v1,chr19,46284763,21,"host 1/1, donor 0/1",1913,4044,5957,0.678865,0.504494,0.174372,True
1_99_F2-M1_v1,chr19,50268352,20,"host 0/0, donor 0/1",3581,4312,7893,0.546307,0.495506,0.050800,False
1_99_F2-M1_v1,chr19,51379895,11,"host 0/1, donor 1/1",58,8065,8123,0.992860,0.995506,-0.002647,True
1_99_F2-M1_v1,chr2,115035,21,"host 1/1, donor 0/1",1683,1431,3114,0.459538,0.504494,-0.044956,False
1_99_F2-M1_v1,chr2,4782600,0,"host 0/0, donor 1/1",169,7195,7364,0.977051,0.991013,-0.013962,True
1_99_F2-M1_v1,chr2,6797613,10,"host 0/1, donor 0/0",8664,15,8680,0.001728,0.004494,-0.002765,True
1_99_F2-M1_v1,chr2,11193868,11,"host 0/1, donor 1/1",0,2151,2151,1.000000,0.995506,0.004494,True
1_99_F2-M1_v1,chr2,29072810,20,"host 0/0, donor 0/1",1883,3250,5133,0.633158,0.495506,0.137652,False
1_99_F2-M1_v1,chr2,31334442,11,"host 0/1, donor 1/1",2,2101,2103,0.999049,0.995506,0.003543,True
1_99_F2-M1_v1,chr2,32250040,21,"host 1/1, donor 0/1",2492,4437,6929,0.640352,0.504494,0.135859,True
1_99_F2-M1_v1,chr2,41608291,1,"host 1/1, donor 0/0",7453,120,7574,0.015844,0.008987,0.006857,True
1_99_F2-M1_v1,chr2,45014477,10,"host 0/1, donor 0/0",2773,20,2793,0.007161,0.004494,0.002667,True
1_99_F2-M1_v1,chr2,47429662,11,"host 0/1, donor 1/1",4,3717,3721,0.998925,0.995506,0.003419,True
1_99_F2-M1_v1,chr2,47803699,20,"host 0/0, donor 0/1",4291,6627,10918,0.606979,0.495506,0.111473,False
1_99_F2-M1_v1,chr2,49154446,10,"host 0/1, donor 0/0",1921,130,2051,0.063384,0.004494,0.058890,True
1_99_F2-M1_v1,chr2,50465422,20,"host 0/0, donor 0/1",12370,11606,23977,0.484047,0.495506,-0.011459,True
1_99_F2-M1_v1,chr2,59785667,1,"host 1/1, donor 0/0",22670,388,23058,0.016827,0.008987,0.007840,True
1_99_F2-M1_v1,chr2,70777360,21,"host 1/1, donor 0/1",8112,7968,16081,0.495492,0.504494,-0.009002,True
1_99_F2-M1_v1,chr2,70777362,21,"host 1/1, donor 0/1",8113,7969,16084,0.495461,0.504494,-0.009032,True
1_99_F2-M1_v1,chr2,70935921,20,"host 0/0, donor 0/1",576,1312,1888,0.694915,0.495506,0.199409,False
1_99_F2-M1_v1,chr2,70935956,20,"host 0/0, donor 0/1",576,1312,1888,0.694915,0.495506,0.199409,False
1_99_F2-M1_v1,chr2,70935981,20,"host 0/0, donor 0/1",576,1312,1888,0.694915,0.495506,0.199409,False
1_99_F2-M1_v1,chr2,85542588,10,"host 0/1, donor 0/0",25815,129,25944,0.004972,0.004494,0.000479,True
1_99_F2-M1_v1,chr2,105361446,11,"host 0/1, donor 1/1",0,4987,4987,1.000000,0.995506,0.004494,True
1_99_F2-M1_v1,chr2,110161744,10,"host 0/1, donor 0/0",10028,35,10064,0.003478,0.004494,-0.001016,True
1_99_F2-M1_v1,chr2,113133835,20,"host 0/0, donor 0/1",1172,276,1448,0.190608,0.495506,-0.304899,True
1_99_F2-M1_v1,chr2,120991491,20,"host 0/0, donor 0/1",3039,2958,5998,0.493164,0.495506,-0.002342,True
1_99_F2-M1_v1,chr2,123061397,10,"host 0/1, donor 0/0",6818,13,6831,0.001903,0.004494,-0.002590,True
1_99_F2-M1_v1,chr2,124447840,11,"host 0/1, donor 1/1",121,10185,10307,0.988163,0.995506,-0.007343,True
1_99_F2-M1_v1,chr2,151518286,1,"host 1/1, donor 0/0",2929,9,2938,0.003063,0.008987,-0.005924,True
1_99_F2-M1_v1,chr2,151835315,21,"host 1/1, donor 0/1",8745,9604,18350,0.523379,0.504494,0.018885,True
1_99_F2-M1_v1,chr2,165323140,20,"host 0/0, donor 0/1",4679,5105,9785,0.521717,0.495506,0.026210,True
1_99_F2-M1_v1,chr2,165391537,21,"host 1/1, donor 0/1",2511,2831,5342,0.529951,0.504494,0.025458,True
1_99_F2-M1_v1,chr2,166280609,10,"host 0/1, donor 0/0",3747,11,3758,0.002927,0.004494,-0.001566,True
1_99_F2-M1_v1,chr2,166280610,11,"host 0/1, donor 1/1",10,3748,3758,0.997339,0.995506,0.001833,True
1_99_F2-M1_v1,chr2,168301487,20,"host 0/0, donor 0/1",1841,1645,3486,0.471888,0.495506,-0.023619,True
1_99_F2-M1_v1,chr2,168973818,11,"host 0/1, donor 1/1",3,15021,15025,0.999734,0.995506,0.004227,True
1_99_F2-M1_v1,chr2,172487375,20,"host 0/0, donor 0/1",14816,14330,29147,0.491646,0.495506,-0.003861,True
1_99_F2-M1_v1,chr2,172487429,1,"host 1/1, donor 0/0",28676,455,29147,0.015611,0.008987,0.006623,True
1_99_F2-M1_v1,chr2,178714003,0,"host 0/0, donor 1/1",8,5425,5433,0.998528,0.991013,0.007515,True
1_99_F2-M1_v1,chr2,181548532,20,"host 0/0, donor 0/1",3278,4271,7549,0.565770,0.495506,0.070264,False
1_99_F2-M1_v1,chr2,189036569,11,"host 0/1, donor 1/1",130,7112,7242,0.982049,0.995506,-0.013457,True
1_99_F2-M1_v1,chr2,201733390,20,"host 0/0, donor 0/1",6722,4878,11601,0.420481,0.495506,-0.075025,True
1_99_F2-M1_v1,chr2,209240481,20,"host 0/0, donor 0/1",2315,3794,6111,0.620848,0.495506,0.125341,False
1_99_F2-M1_v1,chr2,210650334,21,"host 1/1, donor 0/1",7104,8514,15620,0.545070,0.504494,0.040577,True
1_99_F2-M1_v1,chr2,214767431,0,"host 0/0, donor 1/1",219,26906,27126,0.991890,0.991013,0.000877,True
1_99_F2-M1_v1,chr2,214767468,0,"host 0/0, donor 1/1",220,26902,27122,0.991889,0.991013,0.000876,True
1_99_F2-M1_v1,chr2,224470878,21,"host 1/1, donor 0/1",3013,1960,4973,0.394128,0.504494,-0.110365,False
1_99_F2-M1_v1,chr2,227238036,10,"host 0/1, donor 0/0",20048,298,20350,0.014644,0.004494,0.010150,True
1_99_F2-M1_v1,chr2,227270915,20,"host 0/0, donor 0/1",2940,2888,5828,0.495539,0.495506,0.000032,True
1_99_F2-M1_v1,chr2,227314612,11,"host 0/1, donor 1/1",3,2943,2946,0.998982,0.995506,0.003475,True
1_99_F2-M1_v1,chr2,232768750,1,"host 1/1, donor 0/0",37540,143,37683,0.003795,0.008987,-0.005192,True
1_99_F2-M1_v1,chr2,237324109,21,"host 1/1, donor 0/1",3350,2948,6298,0.468085,0.504494,-0.036408,False
1_99_F2-M1_v1,chr2,237324168,1,"host 1/1, donor 0/0",7833,29,7864,0.003688,0.008987,-0.005299,True
1_99_F2-M1_v1,chr2,238654938,10,"host 0/1, donor 0/0",8183,158,8341,0.018943,0.004494,0.014449,True
1_99_F2-M1_v1,chr20,2432479,0,"host 0/0, donor 1/1",193,8930,9123,0.978845,0.991013,-0.012168,True
1_99_F2-M1_v1,chr20,2663761,21,"host 1/1, donor 0/1",65,80,145,0.551724,0.504494,0.047231,True
1_99_F2-M1_v1,chr20,5302730,11,"host 0/1, donor 1/1",4,14300,14304,0.999720,0.995506,0.004214,True
1_99_F2-M1_v1,chr20,6123401,20,"host 0/0, donor 0/1",3499,6094,9597,0.634990,0.495506,0.139484,False
1_99_F2-M1_v1,chr20,6123421,21,"host 1/1, donor 0/1",6096,3500,9596,0.364735,0.504494,-0.139758,False
1_99_F2-M1_v1,chr20,8697799,11,"host 0/1, donor 1/1",12,5067,5079,0.997637,0.995506,0.002131,True
1_99_F2-M1_v1,chr20,8774596,11,"host 0/1, donor 1/1",4,9674,9679,0.999483,0.995506,0.003977,True
1_99_F2-M1_v1,chr20,9307875,1,"host 1/1, donor 0/0",9154,169,9323,0.018127,0.008987,0.009140,True
1_99_F2-M1_v1,chr20,17494572,0,"host 0/0, donor 1/1",110,10619,10729,0.989747,0.991013,-0.001265,True
1_99_F2-M1_v1,chr20,17988280,1,"host 1/1, donor 0/0",5547,10,5557,0.001800,0.008987,-0.007188,True
1_99_F2-M1_v1,chr20,18548589,11,"host 0/1, donor 1/1",26,10096,10122,0.997431,0.995506,0.001925,True
1_99_F2-M1_v1,chr20,23036380,21,"host 1/1, donor 0/1",6122,3949,10071,0.392116,0.504494,-0.112378,False
1_99_F2-M1_v1,chr20,23036407,20,"host 0/0, donor 0/1",6129,3943,10072,0.391481,0.495506,-0.104025,True
1_99_F2-M1_v1,chr20,23036445,21,"host 1/1, donor 0/1",6121,3948,10069,0.392095,0.504494,-0.112399,False
1_99_F2-M1_v1,chr20,39246402,10,"host 0/1, donor 0/0",22029,38,22067,0.001722,0.004494,-0.002772,True
1_99_F2-M1_v1,chr20,51790963,11,"host 0/1, donor 1/1",11,3392,3403,0.996768,0.995506,0.001261,True
1_99_F2-M1_v1,chr20,58449485,20,"host 0/0, donor 0/1",7973,7850,15824,0.496082,0.495506,0.000575,True
1_99_F2-M1_v1,chr21,15313279,21,"host 1/1, donor 0/1",3315,3282,6598,0.497423,0.504494,-0.007070,True
1_99_F2-M1_v1,chr21,26651051,21,"host 1/1, donor 0/1",6863,6867,13731,0.500109,0.504494,-0.004384,True
1_99_F2-M1_v1,chr21,33262573,1,"host 1/1, donor 0/0",8692,245,8937,0.027414,0.008987,0.018427,True
1_99_F2-M1_v1,chr21,35074300,20,"host 0/0, donor 0/1",5946,4794,10740,0.446369,0.495506,-0.049138,True
1_99_F2-M1_v1,chr21,35721742,10,"host 0/1, donor 0/0",6026,26,6055,0.004294,0.004494,-0.000200,True
1_99_F2-M1_v1,chr21,36751624,21,"host 1/1, donor 0/1",3400,2563,5963,0.429817,0.504494,-0.074676,False
1_99_F2-M1_v1,chr21,36930469,11,"host 0/1, donor 1/1",3,5722,5727,0.999127,0.995506,0.003620,True
1_99_F2-M1_v1,chr21,46543738,20,"host 0/0, donor 0/1",1512,1339,2852,0.469495,0.495506,-0.026011,True
1_99_F2-M1_v1,chr22,17115288,11,"host 0/1, donor 1/1",5,17463,17469,0.999657,0.995506,0.004150,True
1_99_F2-M1_v1,chr22,18088242,10,"host 0/1, donor 0/0",3273,0,3273,0.000000,0.004494,-0.004494,True
1_99_F2-M1_v1,chr22,19933123,11,"host 0/1, donor 1/1",58,15228,15286,0.996206,0.995506,0.000699,True
1_99_F2-M1_v1,chr22,25201364,21,"host 1/1, donor 0/1",943,1349,2292,0.588569,0.504494,0.084075,True
1_99_F2-M1_v1,chr22,26464303,21,"host 1/1, donor 0/1",616,906,1522,0.595269,0.504494,0.090776,True
1_99_F2-M1_v1,chr22,32110919,21,"host 1/1, donor 0/1",3802,4303,8105,0.530907,0.504494,0.026413,True
1_99_F2-M1_v1,chr22,33163522,1,"host 1/1, donor 0/0",7174,23,7200,0.003194,0.008987,-0.005793,True
1_99_F2-M1_v1,chr22,36282407,11,"host 0/1, donor 1/1",0,2774,2774,1.000000,0.995506,0.004494,True
1_99_F2-M1_v1,chr22,36282430,11,"host 0/1, donor 1/1",0,2773,2774,0.999640,0.995506,0.004133,True
1_99_F2-M1_v1,chr22,38782696,21,"host 1/1, donor 0/1",5744,4950,10695,0.462833,0.504494,-0.041660,False
1_99_F2-M1_v1,chr22,39958977,10,"host 0/1, donor 0/0",3779,0,3779,0.000000,0.004494,-0.004494,True
1_99_F2-M1_v1,chr22,47440662,20,"host 0/0, donor 0/1",5639,5493,11132,0.493442,0.495506,-0.002064,True
1_99_F2-M1_v1,chr22,47966541,20,"host 0/0, donor 0/1",939,1105,2047,0.539814,0.495506,0.044308,False
1_99_F2-M1_v1,chr3,4361853,21,"host 1/1, donor 0/1",2058,1821,3879,0.469451,0.504494,-0.035043,False
1_99_F2-M1_v1,chr3,4670729,0,"host 0/0, donor 1/1",22,6236,6259,0.996325,0.991013,0.005312,True
1_99_F2-M1_v1,chr3,10557507,21,"host 1/1, donor 0/1",4795,6510,11305,0.575851,0.504494,0.071358,True
1_99_F2-M1_v1,chr3,14132927,11,"host 0/1, donor 1/1",36,12274,12310,0.997076,0.995506,0.001569,True
1_99_F2-M1_v1,chr3,24117896,21,"host 1/1, donor 0/1",5440,4269,9709,0.439695,0.504494,-0.064798,False
1_99_F2-M1_v1,chr3,32166975,21,"host 1/1, donor 0/1",411,207,618,0.334951,0.504494,-0.169542,False
1_99_F2-M1_v1,chr3,34495687,20,"host 0/0, donor 0/1",8580,8440,17020,0.495887,0.495506,0.000381,True
1_99_F2-M1_v1,chr3,38489720,20,"host 0/0, donor 0/1",1583,1515,3098,0.489025,0.495506,-0.006481,True
1_99_F2-M1_v1,chr3,38760760,21,"host 1/1, donor 0/1",5806,4705,10511,0.447626,0.504494,-0.056867,False
1_99_F2-M1_v1,chr3,38885421,21,"host 1/1, donor 0/1",5668,5529,11197,0.493793,0.504494,-0.010701,True
1_99_F2-M1_v1,chr3,39389590,20,"host 0/0, donor 0/1",1782,1348,3130,0.430671,0.495506,-0.064836,True
1_99_F2-M1_v1,chr3,45919359,20,"host 0/0, donor 0/1",574,896,1470,0.609524,0.495506,0.114017,False
1_99_F2-M1_v1,chr3,48587833,20,"host 0/0, donor 0/1",2770,2365,5135,0.460565,0.495506,-0.034942,True
1_99_F2-M1_v1,chr3,55465753,11,"host 0/1, donor 1/1",23,9849,9872,0.997670,0.995506,0.002164,True
1_99_F2-M1_v1,chr3,67360679,20,"host 0/0, donor 0/1",6291,6602,12894,0.512021,0.495506,0.016515,True
1_99_F2-M1_v1,chr3,67609616,1,"host 1/1, donor 0/0",5657,7,5665,0.001236,0.008987,-0.007751,True
1_99_F2-M1_v1,chr3,67609625,1,"host 1/1, donor 0/0",5656,8,5664,0.001412,0.008987,-0.007575,True
1_99_F2-M1_v1,chr3,79378320,1,"host 1/1, donor 0/0",36303,630,36941,0.017054,0.008987,0.008067,True
1_99_F2-M1_v1,chr3,98059901,10,"host 0/1, donor 0/0",6486,6,6492,0.000924,0.004494,-0.003569,True
1_99_F2-M1_v1,chr3,98579756,21,"host 1/1, donor 0/1",2056,2130,4186,0.508839,0.504494,0.004345,True
1_99_F2-M1_v1,chr3,110717340,21,"host 1/1, donor 0/1",7516,5686,13203,0.430660,0.504494,-0.073834,False
1_99_F2-M1_v1,chr3,114086132,10,"host 0/1, donor 0/0",17244,282,17526,0.016090,0.004494,0.011597,True
1_99_F2-M1_v1,chr3,117611869,20,"host 0/0, donor 0/1",4472,6832,11304,0.604388,0.495506,0.108881,False
1_99_F2-M1_v1,chr3,121770148,20,"host 0/0, donor 0/1",4633,4980,9613,0.518048,0.495506,0.022542,True
1_99_F2-M1_v1,chr3,123613699,20,"host 0/0, donor 0/1",5870,4881,10753,0.453920,0.495506,-0.041587,True
1_99_F2-M1_v1,chr3,123876585,20,"host 0/0, donor 0/1",1793,3137,4930,0.636308,0.495506,0.140802,False
1_99_F2-M1_v1,chr3,133755484,11,"host 0/1, donor 1/1",30,7518,7548,0.996025,0.995506,0.000519,True
1_99_F2-M1_v1,chr3,134559428,10,"host 0/1, donor 0/0",17689,199,17888,0.011125,0.004494,0.006631,True
1_99_F2-M1_v1,chr3,149155200,10,"host 0/1, donor 0/0",10457,151,10609,0.014233,0.004494,0.009740,True
1_99_F2-M1_v1,chr3,173117292,0,"host 0/0, donor 1/1",315,10931,11247,0.971904,0.991013,-0.019109,True
1_99_F2-M1_v1,chr3,173117335,0,"host 0/0, donor 1/1",314,11190,11504,0.972705,0.991013,-0.018308,True
1_99_F2-M1_v1,chr3,177548962,0,"host 0/0, donor 1/1",26,6007,6033,0.995690,0.991013,0.004677,True
1_99_F2-M1_v1,chr3,182733539,1,"host 1/1, donor 0/0",9624,19,9644,0.001970,0.008987,-0.007017,True
1_99_F2-M1_v1,chr3,184376395,21,"host 1/1, donor 0/1",3964,4412,8376,0.526743,0.504494,0.022250,True
1_99_F2-M1_v1,chr3,189886360,20,"host 0/0, donor 0/1",1164,1538,2702,0.569208,0.495506,0.073702,False
1_99_F2-M1_v1,chr3,189886371,20,"host 0/0, donor 0/1",1164,1538,2702,0.569208,0.495506,0.073702,False
1_99_F2-M1_v1,chr3,191380177,1,"host 1/1, donor 0/0",12630,166,12797,0.012972,0.008987,0.003985,True
1_99_F2-M1_v1,chr3,193489591,20,"host 0/0, donor 0/1",4151,4106,8257,0.497275,0.495506,0.001769,True
1_99_F2-M1_v1,chr4,670119,0,"host 0/0, donor 1/1",22,5090,5113,0.995502,0.991013,0.004489,True
1_99_F2-M1_v1,chr4,2839513,11,"host 0/1, donor 1/1",5,3039,3044,0.998357,0.995506,0.002851,True
1_99_F2-M1_v1,chr4,10021357,11,"host 0/1, donor 1/1",17,5078,5095,0.996663,0.995506,0.001157,True
1_99_F2-M1_v1,chr4,39471222,0,"host 0/0, donor 1/1",6,1654,1660,0.996386,0.991013,0.005373,True
1_99_F2-M1_v1,chr4,55371160,11,"host 0/1, donor 1/1",0,5416,5417,0.999815,0.995506,0.004309,True
1_99_F2-M1_v1,chr4,55425312,11,"host 0/1, donor 1/1",3,9996,9999,0.999700,0.995506,0.004194,True
1_99_F2-M1_v1,chr4,55425361,11,"host 0/1, donor 1/1",9,9994,10003,0.999100,0.995506,0.003594,True
1_99_F2-M1_v1,chr4,56502593,20,"host 0/0, donor 0/1",6831,6276,13107,0.478828,0.495506,-0.016678,True
1_99_F2-M1_v1,chr4,56502641,20,"host 0/0, donor 0/1",6797,6308,13105,0.481343,0.495506,-0.014163,True
1_99_F2-M1_v1,chr4,58088675,21,"host 1/1, donor 0/1",4990,5271,10261,0.513693,0.504494,0.009199,True
1_99_F2-M1_v1,chr4,71752606,20,"host 0/0, donor 0/1",2638,3271,5909,0.553562,0.495506,0.058056,False
1_99_F2-M1_v1,chr4,71752617,10,"host 0/1, donor 0/0",5905,5,5910,0.000846,0.004494,-0.003648,True
1_99_F2-M1_v1,chr4,75500686,20,"host 0/0, donor 0/1",2711,2037,4748,0.429023,0.495506,-0.066484,True
1_99_F2-M1_v1,chr4,78066003,21,"host 1/1, donor 0/1",2933,1859,4792,0.387938,0.504494,-0.116555,False
1_99_F2-M1_v1,chr4,78318909,21,"host 1/1, donor 0/1",2039,1458,3498,0.416810,0.504494,-0.087684,False
1_99_F2-M1_v1,chr4,87663927,1,"host 1/1, donor 0/0",11913,59,11972,0.004928,0.008987,-0.004059,True
1_99_F2-M1_v1,chr4,102634835,10,"host 0/1, donor 0/0",22949,266,23217,0.011457,0.004494,0.006964,True
1_99_F2-M1_v1,chr4,103589609,10,"host 0/1, donor 0/0",25529,193,25722,0.007503,0.004494,0.003010,True
1_99_F2-M1_v1,chr4,106508345,10,"host 0/1, donor 0/0",10425,13,10438,0.001245,0.004494,-0.003248,True
1_99_F2-M1_v1,chr4,107947359,11,"host 0/1, donor 1/1",6,19175,19181,0.999687,0.995506,0.004181,True
1_99_F2-M1_v1,chr4,109945286,0,"host 0/0, donor 1/1",18,8474,8494,0.997645,0.991013,0.006632,True
1_99_F2-M1_v1,chr4,183679448,21,"host 1/1, donor 0/1",4880,2891,7771,0.372024,0.504494,-0.132469,False
1_99_F2-M1_v1,chr4,183861466,1,"host 1/1, donor 0/0",3106,12,3118,0.003849,0.008987,-0.005138,True
1_99_F2-M1_v1,chr5,2305376,10,"host 0/1, donor 0/0",12774,25,12799,0.001953,0.004494,-0.002540,True
1_99_F2-M1_v1,chr5,2706507,10,"host 0/1, donor 0/0",4208,3,4211,0.000712,0.004494,-0.003781,True
1_99_F2-M1_v1,chr5,6605419,20,"host 0/0, donor 0/1",3826,2558,6384,0.400689,0.495506,-0.094817,True
1_99_F2-M1_v1,chr5,13769148,11,"host 0/1, donor 1/1",209,16300,16511,0.987221,0.995506,-0.008286,True
1_99_F2-M1_v1,chr5,16508565,20,"host 0/0, donor 0/1",1396,911,2307,0.394885,0.495506,-0.100621,True
1_99_F2-M1_v1,chr5,17374789,11,"host 0/1, donor 1/1",8,5543,5552,0.998379,0.995506,0.002873,True
1_99_F2-M1_v1,chr5,35692673,1,"host 1/1, donor 0/0",14714,163,14878,0.010956,0.008987,0.001969,True
1_99_F2-M1_v1,chr5,35877724,20,"host 0/0, donor 0/1",4584,2756,7343,0.375323,0.495506,-0.120183,True
1_99_F2-M1_v1,chr5,36687291,20,"host 0/0, donor 0/1",1037,1402,2439,0.574826,0.495506,0.079319,False
1_99_F2-M1_v1,chr5,39342206,10,"host 0/1, donor 0/0",5066,4,5070,0.000789,0.004494,-0.003705,True
1_99_F2-M1_v1,chr5,41199857,10,"host 0/1, donor 0/0",4382,1,4383,0.000228,0.004494,-0.004265,True
1_99_F2-M1_v1,chr5,58972149,11,"host 0/1, donor 1/1",7,3938,3945,0.998226,0.995506,0.002719,True
1_99_F2-M1_v1,chr5,58972180,10,"host 0/1, donor 0/0",3938,7,3945,0.001774,0.004494,-0.002719,True
1_99_F2-M1_v1,chr5,71635139,11,"host 0/1, donor 1/1",30,8591,8621,0.996520,0.995506,0.001014,True
1_99_F2-M1_v1,chr5,73794436,11,"host 0/1, donor 1/1",21,10776,10798,0.997963,0.995506,0.002456,True
1_99_F2-M1_v1,chr5,73849020,11,"host 0/1, donor 1/1",189,9751,9940,0.980986,0.995506,-0.014521,True
1_99_F2-M1_v1,chr5,77427066,10,"host 0/1, donor 0/0",12514,181,12696,0.014256,0.004494,0.009763,True
1_99_F2-M1_v1,chr5,77427070,20,"host 0/0, donor 0/1",5910,6793,12705,0.534671,0.495506,0.039165,False
1_99_F2-M1_v1,chr5,78779095,20,"host 0/0, donor 0/1",7298,5256,12554,0.418671,0.495506,-0.076835,True
1_99_F2-M1_v1,chr5,83581863,20,"host 0/0, donor 0/1",1845,1627,3472,0.468606,0.495506,-0.026900,True
1_99_F2-M1_v1,chr5,88719728,10,"host 0/1, donor 0/0",6657,33,6690,0.004933,0.004494,0.000439,True
1_99_F2-M1_v1,chr5,90756472,20,"host 0/0, donor 0/1",2987,3021,6008,0.502830,0.495506,0.007323,True
1_99_F2-M1_v1,chr5,102009053,1,"host 1/1, donor 0/0",7875,28,7903,0.003543,0.008987,-0.005444,True
1_99_F2-M1_v1,chr5,102009100,1,"host 1/1, donor 0/0",7863,40,7903,0.005061,0.008987,-0.003926,True
1_99_F2-M1_v1,chr5,106171842,21,"host 1/1, donor 0/1",4999,8048,13047,0.616847,0.504494,0.112353,True
1_99_F2-M1_v1,chr5,113813427,11,"host 0/1, donor 1/1",21,8561,8582,0.997553,0.995506,0.002047,True
1_99_F2-M1_v1,chr5,115952125,11,"host 0/1, donor 1/1",247,9036,9283,0.973392,0.995506,-0.022114,True
1_99_F2-M1_v1,chr5,119526018,1,"host 1/1, donor 0/0",12383,71,12454,0.005701,0.008987,-0.003286,True
1_99_F2-M1_v1,chr5,127290953,10,"host 0/1, donor 0/0",20435,3,20438,0.000147,0.004494,-0.004347,True
1_99_F2-M1_v1,chr5,136056737,20,"host 0/0, donor 0/1",582,1269,1851,0.685575,0.495506,0.190069,False
1_99_F2-M1_v1,chr5,137297649,20,"host 0/0, donor 0/1",1121,789,1910,0.413089,0.495506,-0.082417,True
1_99_F2-M1_v1,chr5,137617888,10,"host 0/1, donor 0/0",4642,10,4658,0.002147,0.004494,-0.002347,True
1_99_F2-M1_v1,chr5,140647631,10,"host 0/1, donor 0/0",1376,7,1383,0.005061,0.004494,0.000568,True
1_99_F2-M1_v1,chr5,143278589,10,"host 0/1, donor 0/0",9352,1,9353,0.000107,0.004494,-0.004387,True
1_99_F2-M1_v1,chr5,143278591,10,"host 0/1, donor 0/0",9214,14,9229,0.001517,0.004494,-0.002977,True
1_99_F2-M1_v1,chr5,148993321,10,"host 0/1, donor 0/0",8218,13,8232,0.001579,0.004494,-0.002914,True
1_99_F2-M1_v1,chr5,149860287,11,"host 0/1, donor 1/1",12,6604,6617,0.998035,0.995506,0.002529,True
1_99_F2-M1_v1,chr5,159315942,10,"host 0/1, donor 0/0",6646,179,6826,0.026223,0.004494,0.021730,True
1_99_F2-M1_v1,chr5,161847218,0,"host 0/0, donor 1/1",10,3532,3542,0.997177,0.991013,0.006164,True
1_99_F2-M1_v1,chr5,162153977,1,"host 1/1, donor 0/0",6373,109,6482,0.016816,0.008987,0.007829,True
1_99_F2-M1_v1,chr5,162154029,1,"host 1/1, donor 0/0",6372,109,6482,0.016816,0.008987,0.007829,True
1_99_F2-M1_v1,chr5,170009949,21,"host 1/1, donor 0/1",2513,2345,4858,0.482709,0.504494,-0.021785,True
1_99_F2-M1_v1,chr5,170308916,11,"host 0/1, donor 1/1",6,5163,5169,0.998839,0.995506,0.003333,True
1_99_F2-M1_v1,chr5,173412983,20,"host 0/0, donor 0/1",12001,10607,22610,0.469129,0.495506,-0.026378,True
1_99_F2-M1_v1,chr5,173412985,10,"host 0/1, donor 0/0",22368,239,22608,0.010571,0.004494,0.006078,True
1_99_F2-M1_v1,chr5,177209881,1,"host 1/1, donor 0/0",7322,12,7334,0.001636,0.008987,-0.007351,True
1_99_F2-M1_v1,chr5,179113025,21,"host 1/1, donor 0/1",1401,823,2224,0.370054,0.504494,-0.134440,False
1_99_F2-M1_v1,chr5,179263724,11,"host 0/1, donor 1/1",15,10698,10713,0.998600,0.995506,0.003093,True
1_99_F2-M1_v1,chr5,179833213,11,"host 0/1, donor 1/1",0,3160,3160,1.000000,0.995506,0.004494,True
1_99_F2-M1_v1,chr6,1135704,10,"host 0/1, donor 0/0",2424,122,2546,0.047918,0.004494,0.043425,True
1_99_F2-M1_v1,chr6,4517214,10,"host 0/1, donor 0/0",3089,12,3101,0.003870,0.004494,-0.000624,True
1_99_F2-M1_v1,chr6,9021185,21,"host 1/1, donor 0/1",5416,6609,12026,0.549559,0.504494,0.045066,True
1_99_F2-M1_v1,chr6,16327099,20,"host 0/0, donor 0/1",6327,5946,12274,0.484439,0.495506,-0.011068,True
1_99_F2-M1_v1,chr6,49435569,0,"host 0/0, donor 1/1",58,26846,26904,0.997844,0.991013,0.006831,True
1_99_F2-M1_v1,chr6,52026213,10,"host 0/1, donor 0/0",8543,12,8555,0.001403,0.004494,-0.003091,True
1_99_F2-M1_v1,chr6,55290906,20,"host 0/0, donor 0/1",12441,11449,23891,0.479218,0.495506,-0.016288,True
1_99_F2-M1_v1,chr6,63984461,10,"host 0/1, donor 0/0",2919,3,2922,0.001027,0.004494,-0.003467,True
1_99_F2-M1_v1,chr6,65353620,11,"host 0/1, donor 1/1",330,19076,19407,0.982944,0.995506,-0.012562,True
1_99_F2-M1_v1,chr6,69713847,11,"host 0/1, donor 1/1",286,55355,55644,0.994806,0.995506,-0.000700,True
1_99_F2-M1_v1,chr6,100448693,20,"host 0/0, donor 0/1",1934,1637,3571,0.458415,0.495506,-0.037091,True
1_99_F2-M1_v1,chr6,101799798,21,"host 1/1, donor 0/1",6532,6308,12840,0.491277,0.504494,-0.013216,True
1_99_F2-M1_v1,chr6,108044454,21,"host 1/1, donor 0/1",3934,4444,8378,0.530437,0.504494,0.025943,True
1_99_F2-M1_v1,chr6,109786314,1,"host 1/1, donor 0/0",25438,176,25614,0.006871,0.008987,-0.002116,True
1_99_F2-M1_v1,chr6,109825100,10,"host 0/1, donor 0/0",13060,173,13233,0.013073,0.004494,0.008580,True
1_99_F2-M1_v1,chr6,120239481,0,"host 0/0, donor 1/1",164,11001,11166,0.985223,0.991013,-0.005790,True
1_99_F2-M1_v1,chr6,120239548,1,"host 1/1, donor 0/0",11007,164,11171,0.014681,0.008987,0.005694,True
1_99_F2-M1_v1,chr6,127142231,21,"host 1/1, donor 0/1",2825,3031,5857,0.517500,0.504494,0.013007,True
1_99_F2-M1_v1,chr6,129401244,11,"host 0/1, donor 1/1",7,3934,3941,0.998224,0.995506,0.002717,True
1_99_F2-M1_v1,chr6,131892483,20,"host 0/0, donor 0/1",2731,2099,4832,0.434396,0.495506,-0.061111,True
1_99_F2-M1_v1,chr6,137219280,20,"host 0/0, donor 0/1",2,137,139,0.985612,0.495506,0.490105,False
1_99_F2-M1_v1,chr6,145547860,10,"host 0/1, donor 0/0",7263,8,7271,0.001100,0.004494,-0.003393,True
1_99_F2-M1_v1,chr6,145547874,10,"host 0/1, donor 0/0",7263,8,7271,0.001100,0.004494,-0.003393,True
1_99_F2-M1_v1,chr6,146434706,10,"host 0/1, donor 0/0",537,8,545,0.014679,0.004494,0.010185,True
1_99_F2-M1_v1,chr6,148440320,11,"host 0/1, donor 1/1",144,10945,11089,0.987014,0.995506,-0.008492,True
1_99_F2-M1_v1,chr6,150400093,0,"host 0/0, donor 1/1",7,2696,2703,0.997410,0.991013,0.006397,True
1_99_F2-M1_v1,chr6,150552630,21,"host 1/1, donor 0/1",1301,1612,2913,0.553381,0.504494,0.048888,True
1_99_F2-M1_v1,chr6,152221413,20,"host 0/0, donor 0/1",2253,1548,3801,0.407261,0.495506,-0.088245,True
1_99_F2-M1_v1,chr6,152455615,11,"host 0/1, donor 1/1",106,17698,17804,0.994046,0.995506,-0.001460,True
1_99_F2-M1_v1,chr6,157084796,20,"host 0/0, donor 0/1",1638,1052,2690,0.391078,0.495506,-0.104428,True
1_99_F2-M1_v1,chr6,158148854,21,"host 1/1, donor 0/1",3900,3981,7882,0.505075,0.504494,0.000581,True
1_99_F2-M1_v1,chr6,164624301,10,"host 0/1, donor 0/0",5605,10,5615,0.001781,0.004494,-0.002713,True
1_99_F2-M1_v1,chr6,167270358,21,"host 1/1, donor 0/1",5427,3514,8942,0.392977,0.504494,-0.111517,False
1_99_F2-M1_v1,chr7,4417372,20,"host 0/0, donor 0/1",4264,6659,10923,0.609631,0.495506,0.114125,False
1_99_F2-M1_v1,chr7,5999091,20,"host 0/0, donor 0/1",5253,4190,9443,0.443715,0.495506,-0.051792,True
1_99_F2-M1_v1,chr7,13854651,0,"host 0/0, donor 1/1",0,2629,2629,1.000000,0.991013,0.008987,True
1_99_F2-M1_v1,chr7,18727720,0,"host 0/0, donor 1/1",4,6924,6928,0.999423,0.991013,0.008410,True
1_99_F2-M1_v1,chr7,22976212,21,"host 1/1, donor 0/1",2349,3366,5715,0.588976,0.504494,0.084483,True
1_99_F2-M1_v1,chr7,32358296,10,"host 0/1, donor 0/0",13487,48,13535,0.003546,0.004494,-0.000947,True
1_99_F2-M1_v1,chr7,33970334,10,"host 0/1, donor 0/0",5093,9,5103,0.001764,0.004494,-0.002730,True
1_99_F2-M1_v1,chr7,37894632,0,"host 0/0, donor 1/1",207,6418,6625,0.968755,0.991013,-0.022258,True
1_99_F2-M1_v1,chr7,42048623,21,"host 1/1, donor 0/1",3616,3275,6891,0.475258,0.504494,-0.029236,True
1_99_F2-M1_v1,chr7,52943747,1,"host 1/1, donor 0/0",4695,13,4708,0.002761,0.008987,-0.006226,True
1_99_F2-M1_v1,chr7,55171181,11,"host 0/1, donor 1/1",191,3490,3682,0.947854,0.995506,-0.047652,True
1_99_F2-M1_v1,chr7,67525908,20,"host 0/0, donor 0/1",1559,1259,2818,0.446771,0.495506,-0.048736,True
1_99_F2-M1_v1,chr7,101139179,20,"host 0/0, donor 0/1",675,651,1326,0.490950,0.495506,-0.004556,True
1_99_F2-M1_v1,chr7,103412988,11,"host 0/1, donor 1/1",6,9452,9458,0.999366,0.995506,0.003859,True
1_99_F2-M1_v1,chr7,103566787,1,"host 1/1, donor 0/0",15634,370,16004,0.023119,0.008987,0.014132,True
1_99_F2-M1_v1,chr7,107557960,11,"host 0/1, donor 1/1",181,4823,5004,0.963829,0.995506,-0.031678,True
1_99_F2-M1_v1,chr7,107929072,10,"host 0/1, donor 0/0",16856,51,16907,0.003017,0.004494,-0.001477,True
1_99_F2-M1_v1,chr7,116795714,11,"host 0/1, donor 1/1",70,4569,4639,0.984911,0.995506,-0.010596,True
1_99_F2-M1_v1,chr7,117589483,0,"host 0/0, donor 1/1",4,7719,7723,0.999482,0.991013,0.008469,True
1_99_F2-M1_v1,chr7,129001172,10,"host 0/1, donor 0/0",19901,523,20425,0.025606,0.004494,0.021112,True
1_99_F2-M1_v1,chr7,138771243,11,"host 0/1, donor 1/1",1,7454,7456,0.999732,0.995506,0.004225,True
1_99_F2-M1_v1,chr7,151007162,11,"host 0/1, donor 1/1",44,3468,3512,0.987472,0.995506,-0.008035,True
1_99_F2-M1_v1,chr7,151474576,11,"host 0/1, donor 1/1",25,19199,19330,0.993223,0.995506,-0.002283,True
1_99_F2-M1_v1,chr8,5390815,0,"host 0/0, donor 1/1",221,6454,6675,0.966891,0.991013,-0.024122,True
1_99_F2-M1_v1,chr8,10606797,11,"host 0/1, donor 1/1",26,9756,9783,0.997240,0.995506,0.001734,True
1_99_F2-M1_v1,chr8,14977188,1,"host 1/1, donor 0/0",8533,4,8537,0.000469,0.008987,-0.008519,True
1_99_F2-M1_v1,chr8,17268259,11,"host 0/1, donor 1/1",193,6851,7044,0.972601,0.995506,-0.022906,True
1_99_F2-M1_v1,chr8,18067340,10,"host 0/1, donor 0/0",2596,4,2600,0.001538,0.004494,-0.002955,True
1_99_F2-M1_v1,chr8,24952123,20,"host 0/0, donor 0/1",11469,11824,23295,0.507577,0.495506,0.012070,True
1_99_F2-M1_v1,chr8,31142496,20,"host 0/0, donor 0/1",3317,3893,7212,0.539795,0.495506,0.044288,False
1_99_F2-M1_v1,chr8,63059765,1,"host 1/1, donor 0/0",3269,152,3421,0.044431,0.008987,0.035444,True
1_99_F2-M1_v1,chr8,74191935,20,"host 0/0, donor 0/1",2793,2888,5681,0.508361,0.495506,0.012855,True
1_99_F2-M1_v1,chr8,86574165,10,"host 0/1, donor 0/0",19317,517,19835,0.026065,0.004494,0.021571,True
1_99_F2-M1_v1,chr8,89946302,20,"host 0/0, donor 0/1",4806,4467,9273,0.481721,0.495506,-0.013785,True
1_99_F2-M1_v1,chr8,104266574,20,"host 0/0, donor 0/1",4147,3923,8070,0.486121,0.495506,-0.009385,True
1_99_F2-M1_v1,chr8,104266606,20,"host 0/0, donor 0/1",4147,3923,8071,0.486061,0.495506,-0.009445,True
1_99_F2-M1_v1,chr8,115409708,21,"host 1/1, donor 0/1",7617,7572,15189,0.498519,0.504494,-0.005975,True
1_99_F2-M1_v1,chr8,117807339,10,"host 0/1, donor 0/0",27194,126,27320,0.004612,0.004494,0.000118,True
1_99_F2-M1_v1,chr8,118952044,11,"host 0/1, donor 1/1",0,3621,3621,1.000000,0.995506,0.004494,True
1_99_F2-M1_v1,chr8,132963038,10,"host 0/1, donor 0/0",16936,35,16971,0.002062,0.004494,-0.002431,True
1_99_F2-M1_v1,chr8,142026718,21,"host 1/1, donor 0/1",8762,5455,14217,0.383696,0.504494,-0.120798,False
1_99_F2-M1_v1,chr8,142911245,10,"host 0/1, donor 0/0",3551,0,3551,0.000000,0.004494,-0.004494,True
1_99_F2-M1_v1,chr9,271638,10,"host 0/1, donor 0/0",2086,3,2089,0.001436,0.004494,-0.003057,True
1_99_F2-M1_v1,chr9,4576680,21,"host 1/1, donor 0/1",8743,8956,17700,0.505989,0.504494,0.001495,True
1_99_F2-M1_v1,chr9,10603102,20,"host 0/0, donor 0/1",2887,3020,5907,0.511258,0.495506,0.015751,True
1_99_F2-M1_v1,chr9,13125202,10,"host 0/1, donor 0/0",10161,24,10189,0.002355,0.004494,-0.002138,True
1_99_F2-M1_v1,chr9,14747135,20,"host 0/0, donor 0/1",3077,3306,6383,0.517938,0.495506,0.022432,True
1_99_F2-M1_v1,chr9,20885241,11,"host 0/1, donor 1/1",155,35171,35326,0.995612,0.995506,0.000106,True
1_99_F2-M1_v1,chr9,21862272,0,"host 0/0, donor 1/1",181,12479,12662,0.985547,0.991013,-0.005466,True
1_99_F2-M1_v1,chr9,38396068,20,"host 0/0, donor 0/1",2074,2744,4818,0.569531,0.495506,0.074024,False
1_99_F2-M1_v1,chr9,77371204,0,"host 0/0, donor 1/1",41,12749,12790,0.996794,0.991013,0.005781,True
1_99_F2-M1_v1,chr9,94617761,0,"host 0/0, donor 1/1",162,8681,8843,0.981680,0.991013,-0.009332,True
1_99_F2-M1_v1,chr9,95100419,11,"host 0/1, donor 1/1",123,12129,12252,0.989961,0.995506,-0.005546,True
1_99_F2-M1_v1,chr9,99153883,0,"host 0/0, donor 1/1",225,9037,9262,0.975707,0.991013,-0.015306,True
1_99_F2-M1_v1,chr9,104800523,10,"host 0/1, donor 0/0",14585,26,14611,0.001779,0.004494,-0.002714,True
1_99_F2-M1_v1,chr9,108934109,1,"host 1/1, donor 0/0",1050,16,1066,0.015009,0.008987,0.006022,True
1_99_F2-M1_v1,chr9,109098138,21,"host 1/1, donor 0/1",4144,3873,8017,0.483098,0.504494,-0.021395,True
1_99_F2-M1_v1,chr9,118456441,10,"host 0/1, donor 0/0",3176,10,3354,0.002982,0.004494,-0.001512,True
1_99_F2-M1_v1,chr9,119047241,10,"host 0/1, donor 0/0",3500,4,3504,0.001142,0.004494,-0.003352,True
1_99_F2-M1_v1,chr9,126205784,11,"host 0/1, donor 1/1",39,4889,4928,0.992086,0.995506,-0.003420,True
1_99_F2-M1_v1,chr9,127938448,11,"host 0/1, donor 1/1",15,4127,4142,0.996379,0.995506,0.000872,True
1_99_F2-M1_v1,chr9,128908673,10,"host 0/1, donor 0/0",6038,1,6039,0.000166,0.004494,-0.004328,True
1_99_F2-M1_v1,chr9,132278281,0,"host 0/0, donor 1/1",0,2947,2947,1.000000,0.991013,0.008987,True
1_99_F2-M1_v1,chr9,134525462,20,"host 0/0, donor 0/1",4328,2707,7035,0.384790,0.495506,-0.110716,True
1_99_F2-M1_v1,chr9,134843428,20,"host 0/0, donor 0/1",3159,5236,8398,0.623482,0.495506,0.127975,False
