mixture	sample	host	donor	known_pct	mle_pct	mle_ci_lo	mle_ci_hi	presence_pct	presence_ci_lo	presence_ci_hi	presence_p	presence_markers	contamination_frac	n_used	mean_depth	gof_pval	qc	frac_pct	seed
mix_F1_into_F3	syn_F1-F3_f0.1_rep1	F1	F3	0.1000	0.0500	0.0200	0.1000	0.0000	0.0000	0.0000	1.0000	330	0.0020	498	1686	1.0000	PASS	0.1000	1
mix_F1_into_F3	syn_F1-F3_f0.1_rep2	F1	F3	0.1000	0.0400	0.0100	0.0900	0.0000	0.0000	0.0000	1.0000	330	0.0020	498	1686	1.0000	PASS	0.1000	2
mix_F1_into_F3	syn_F1-F3_f0.1_rep3	F1	F3	0.1000	0.0400	0.0000	0.0800	0.0000	0.0000	0.0000	1.0000	330	0.0020	497	1686	1.0000	PASS	0.1000	3
mix_F1_into_F3	syn_F1-F3_f0.1_rep4	F1	F3	0.1000	0.0500	0.0100	0.0900	0.0000	0.0000	0.0000	1.0000	330	0.0020	498	1686	1.0000	PASS	0.1000	4
mix_F1_into_F3	syn_F1-F3_f0.1_rep5	F1	F3	0.1000	0.0400	0.0000	0.0800	0.0000	0.0000	0.0000	1.0000	330	0.0020	497	1686	1.0000	PASS	0.1000	5
mix_F1_into_F3	syn_F1-F3_f0.2_rep1	F1	F3	0.2000	0.1500	0.1100	0.1900	0.0000	0.0000	0.0000	1.0000	330	0.0020	498	1688	1.0000	PASS	0.2000	1
mix_F1_into_F3	syn_F1-F3_f0.2_rep2	F1	F3	0.2000	0.1500	0.1100	0.1900	0.0000	0.0000	0.0000	1.0000	330	0.0020	501	1688	1.0000	PASS	0.2000	2
mix_F1_into_F3	syn_F1-F3_f0.2_rep3	F1	F3	0.2000	0.1400	0.1000	0.1900	0.0000	0.0000	0.0000	1.0000	330	0.0020	497	1688	1.0000	PASS	0.2000	3
mix_F1_into_F3	syn_F1-F3_f0.2_rep4	F1	F3	0.2000	0.1400	0.1000	0.1800	0.0000	0.0000	0.0000	1.0000	330	0.0020	498	1688	1.0000	PASS	0.2000	4
mix_F1_into_F3	syn_F1-F3_f0.2_rep5	F1	F3	0.2000	0.1300	0.0900	0.1700	0.0000	0.0000	0.0000	1.0000	330	0.0020	499	1688	1.0000	PASS	0.2000	5
mix_F1_into_F3	syn_F1-F3_f0.3_rep1	F1	F3	0.3000	0.2400	0.2000	0.2900	0.0000	0.0000	0.0000	1.0000	330	0.0020	498	1690	1.0000	PASS	0.3000	1
mix_F1_into_F3	syn_F1-F3_f0.3_rep2	F1	F3	0.3000	0.2500	0.2100	0.2900	0.0000	0.0000	0.0000	1.0000	330	0.0020	503	1690	1.0000	PASS	0.3000	2
mix_F1_into_F3	syn_F1-F3_f0.3_rep3	F1	F3	0.3000	0.2400	0.2000	0.2900	0.0000	0.0000	0.0000	1.0000	330	0.0020	498	1690	1.0000	PASS	0.3000	3
mix_F1_into_F3	syn_F1-F3_f0.3_rep4	F1	F3	0.3000	0.2400	0.2000	0.2800	0.0000	0.0000	0.0000	1.0000	330	0.0020	502	1690	1.0000	PASS	0.3000	4
mix_F1_into_F3	syn_F1-F3_f0.3_rep5	F1	F3	0.3000	0.2300	0.1900	0.2700	0.0000	0.0000	0.0000	1.0000	330	0.0020	499	1690	1.0000	PASS	0.3000	5
mix_F1_into_F3	syn_F1-F3_f0.4_rep1	F1	F3	0.4000	0.3400	0.3000	0.3900	0.0712	0.0448	0.0982	0.0000	330	0.0020	498	1692	1.0000	PASS	0.4000	1
mix_F1_into_F3	syn_F1-F3_f0.4_rep2	F1	F3	0.4000	0.3400	0.3000	0.3900	0.0608	0.0347	0.0876	0.0000	330	0.0020	505	1691	1.0000	PASS	0.4000	2
mix_F1_into_F3	syn_F1-F3_f0.4_rep3	F1	F3	0.4000	0.3400	0.2900	0.3900	0.0629	0.0368	0.0897	0.0000	330	0.0020	498	1691	1.0000	PASS	0.4000	3
mix_F1_into_F3	syn_F1-F3_f0.4_rep4	F1	F3	0.4000	0.3400	0.2900	0.3900	0.0650	0.0388	0.0920	0.0000	330	0.0020	503	1691	1.0000	PASS	0.4000	4
mix_F1_into_F3	syn_F1-F3_f0.4_rep5	F1	F3	0.4000	0.3200	0.2800	0.3700	0.0571	0.0310	0.0838	0.0000	330	0.0020	500	1691	1.0000	PASS	0.4000	5
mix_F1_into_F3	syn_F1-F3_f0.5_rep1	F1	F3	0.5000	0.4500	0.4000	0.5000	0.1688	0.1406	0.1978	0.0000	330	0.0020	498	1693	1.0000	PASS	0.5000	1
mix_F1_into_F3	syn_F1-F3_f0.5_rep2	F1	F3	0.5000	0.4500	0.4000	0.5000	0.1609	0.1327	0.1897	0.0000	330	0.0020	506	1693	1.0000	PASS	0.5000	2
mix_F1_into_F3	syn_F1-F3_f0.5_rep3	F1	F3	0.5000	0.4400	0.3900	0.5000	0.1596	0.1316	0.1883	0.0000	330	0.0020	503	1693	1.0000	PASS	0.5000	3
mix_F1_into_F3	syn_F1-F3_f0.5_rep4	F1	F3	0.5000	0.4400	0.3900	0.4900	0.1586	0.1306	0.1874	0.0000	330	0.0020	504	1693	1.0000	PASS	0.5000	4
mix_F1_into_F3	syn_F1-F3_f0.5_rep5	F1	F3	0.5000	0.4300	0.3800	0.4800	0.1578	0.1298	0.1866	0.0000	330	0.0020	500	1693	1.0000	PASS	0.5000	5
mix_F2_into_F1	syn_F2-F1_f0.1_rep1	F2	F1	0.1000	0.1100	0.0700	0.1600	0.0000	0.0000	0.0000	1.0000	362	0.0014	514	1842	1.0000	PASS	0.1000	1
mix_F2_into_F1	syn_F2-F1_f0.1_rep2	F2	F1	0.1000	0.1100	0.0700	0.1500	0.0000	0.0000	0.0000	1.0000	362	0.0014	514	1842	1.0000	PASS	0.1000	2
mix_F2_into_F1	syn_F2-F1_f0.1_rep3	F2	F1	0.1000	0.1100	0.0700	0.1600	0.0000	0.0000	0.0000	1.0000	362	0.0014	515	1842	1.0000	PASS	0.1000	3
mix_F2_into_F1	syn_F2-F1_f0.1_rep4	F2	F1	0.1000	0.1200	0.0800	0.1700	0.0000	0.0000	0.0000	1.0000	362	0.0014	517	1842	1.0000	PASS	0.1000	4
mix_F2_into_F1	syn_F2-F1_f0.1_rep5	F2	F1	0.1000	0.1100	0.0600	0.1500	0.0000	0.0000	0.0000	1.0000	362	0.0014	514	1842	1.0000	PASS	0.1000	5
mix_F2_into_F1	syn_F2-F1_f0.2_rep1	F2	F1	0.2000	0.2100	0.1700	0.2600	0.0000	0.0000	0.0000	1.0000	362	0.0014	517	1844	1.0000	PASS	0.2000	1
mix_F2_into_F1	syn_F2-F1_f0.2_rep2	F2	F1	0.2000	0.2000	0.1600	0.2500	0.0000	0.0000	0.0000	1.0000	362	0.0014	518	1843	1.0000	PASS	0.2000	2
mix_F2_into_F1	syn_F2-F1_f0.2_rep3	F2	F1	0.2000	0.2100	0.1700	0.2600	0.0000	0.0000	0.0000	1.0000	362	0.0014	517	1844	1.0000	PASS	0.2000	3
mix_F2_into_F1	syn_F2-F1_f0.2_rep4	F2	F1	0.2000	0.2200	0.1800	0.2600	0.0000	0.0000	0.0000	1.0000	362	0.0014	520	1844	1.0000	PASS	0.2000	4
mix_F2_into_F1	syn_F2-F1_f0.2_rep5	F2	F1	0.2000	0.2200	0.1700	0.2600	0.0000	0.0000	0.0000	1.0000	362	0.0014	516	1844	1.0000	PASS	0.2000	5
mix_F2_into_F1	syn_F2-F1_f0.3_rep1	F2	F1	0.3000	0.3100	0.2700	0.3600	0.0662	0.0430	0.0899	0.0000	362	0.0014	520	1845	1.0000	PASS	0.3000	1
mix_F2_into_F1	syn_F2-F1_f0.3_rep2	F2	F1	0.3000	0.3100	0.2600	0.3600	0.0692	0.0462	0.0928	0.0000	362	0.0014	519	1845	1.0000	PASS	0.3000	2
mix_F2_into_F1	syn_F2-F1_f0.3_rep3	F2	F1	0.3000	0.3100	0.2700	0.3600	0.0755	0.0523	0.0993	0.0000	362	0.0014	519	1846	1.0000	PASS	0.3000	3
mix_F2_into_F1	syn_F2-F1_f0.3_rep4	F2	F1	0.3000	0.3100	0.2600	0.3600	0.0739	0.0508	0.0976	0.0000	362	0.0014	520	1845	1.0000	PASS	0.3000	4
mix_F2_into_F1	syn_F2-F1_f0.3_rep5	F2	F1	0.3000	0.3200	0.2700	0.3700	0.0874	0.0641	0.1113	0.0000	362	0.0014	517	1846	1.0000	PASS	0.3000	5
mix_F2_into_F1	syn_F2-F1_f0.4_rep1	F2	F1	0.4000	0.4200	0.3700	0.4700	0.1691	0.1441	0.1948	0.0000	362	0.0014	519	1847	1.0000	PASS	0.4000	1
mix_F2_into_F1	syn_F2-F1_f0.4_rep2	F2	F1	0.4000	0.4000	0.3600	0.4600	0.1654	0.1406	0.1908	0.0000	362	0.0014	520	1847	1.0000	PASS	0.4000	2
mix_F2_into_F1	syn_F2-F1_f0.4_rep3	F2	F1	0.4000	0.4200	0.3700	0.4600	0.1788	0.1537	0.2045	0.0000	362	0.0014	520	1848	1.0000	PASS	0.4000	3
mix_F2_into_F1	syn_F2-F1_f0.4_rep4	F2	F1	0.4000	0.4100	0.3700	0.4600	0.1778	0.1528	0.2035	0.0000	362	0.0014	520	1847	1.0000	PASS	0.4000	4
mix_F2_into_F1	syn_F2-F1_f0.4_rep5	F2	F1	0.4000	0.4200	0.3800	0.4700	0.1859	0.1607	0.2116	0.0000	362	0.0014	518	1847	1.0000	PASS	0.4000	5
mix_F2_into_F1	syn_F2-F1_f0.5_rep1	F2	F1	0.5000	0.5200	0.4800	0.5800	0.2689	0.2422	0.2962	0.0000	362	0.0014	520	1849	1.0000	PASS	0.5000	1
mix_F2_into_F1	syn_F2-F1_f0.5_rep2	F2	F1	0.5000	0.5000	0.4600	0.5600	0.2634	0.2369	0.2905	0.0000	362	0.0014	519	1849	1.0000	PASS	0.5000	2
mix_F2_into_F1	syn_F2-F1_f0.5_rep3	F2	F1	0.5000	0.5100	0.4600	0.5600	0.2722	0.2456	0.2995	0.0000	362	0.0014	518	1849	1.0000	PASS	0.5000	3
mix_F2_into_F1	syn_F2-F1_f0.5_rep4	F2	F1	0.5000	0.5200	0.4700	0.5700	0.2789	0.2522	0.3062	0.0000	362	0.0014	520	1849	1.0000	PASS	0.5000	4
mix_F2_into_F1	syn_F2-F1_f0.5_rep5	F2	F1	0.5000	0.5300	0.4800	0.5800	0.2887	0.2618	0.3161	0.0000	362	0.0014	518	1849	1.0000	PASS	0.5000	5
mix_F2_into_M1	syn_F2-M1_f0.1_rep1	F2	M1	0.1000	0.0000	0.0000	0.0000	0.0000	0.0000	0.0000	1.0000	350	0.0009	507	12905	0.4349	PASS	0.1000	1
mix_F2_into_M1	syn_F2-M1_f0.1_rep2	F2	M1	0.1000	0.0000	0.0000	0.0000	0.0000	0.0000	0.0000	1.0000	350	0.0009	509	12905	0.4927	PASS	0.1000	2
mix_F2_into_M1	syn_F2-M1_f0.1_rep3	F2	M1	0.1000	0.0000	0.0000	0.0000	0.0000	0.0000	0.0000	1.0000	350	0.0009	508	12906	0.4253	PASS	0.1000	3
mix_F2_into_M1	syn_F2-M1_f0.1_rep4	F2	M1	0.1000	0.0000	0.0000	0.0000	0.0000	0.0000	0.0000	1.0000	350	0.0009	508	12905	0.4824	PASS	0.1000	4
mix_F2_into_M1	syn_F2-M1_f0.1_rep5	F2	M1	0.1000	0.0000	0.0000	0.0000	0.0000	0.0000	0.0000	1.0000	350	0.0009	507	12906	0.3282	PASS	0.1000	5
mix_F2_into_M1	syn_F2-M1_f0.2_rep1	F2	M1	0.2000	0.0000	0.0000	0.0100	0.0000	0.0000	0.0000	1.0000	350	0.0009	517	12918	0.0000	PASS	0.2000	1
mix_F2_into_M1	syn_F2-M1_f0.2_rep2	F2	M1	0.2000	0.0000	0.0000	0.0100	0.0000	0.0000	0.0000	1.0000	350	0.0009	520	12918	0.0000	PASS	0.2000	2
mix_F2_into_M1	syn_F2-M1_f0.2_rep3	F2	M1	0.2000	0.0000	0.0000	0.0100	0.0000	0.0000	0.0000	1.0000	350	0.0009	521	12918	0.0000	PASS	0.2000	3
mix_F2_into_M1	syn_F2-M1_f0.2_rep4	F2	M1	0.2000	0.0000	0.0000	0.0100	0.0000	0.0000	0.0000	1.0000	350	0.0009	519	12918	0.0000	PASS	0.2000	4
mix_F2_into_M1	syn_F2-M1_f0.2_rep5	F2	M1	0.2000	0.0000	0.0000	0.0200	0.0000	0.0000	0.0000	1.0000	350	0.0009	518	12919	0.0000	PASS	0.2000	5
mix_F2_into_M1	syn_F2-M1_f0.3_rep1	F2	M1	0.3000	0.0800	0.0600	0.1100	0.0000	0.0000	0.0000	1.0000	350	0.0009	521	12931	0.0000	PASS	0.3000	1
mix_F2_into_M1	syn_F2-M1_f0.3_rep2	F2	M1	0.3000	0.0800	0.0500	0.1100	0.0000	0.0000	0.0000	1.0000	350	0.0009	521	12931	0.0000	PASS	0.3000	2
mix_F2_into_M1	syn_F2-M1_f0.3_rep3	F2	M1	0.3000	0.0800	0.0600	0.1100	0.0000	0.0000	0.0000	1.0000	350	0.0009	521	12931	0.0000	PASS	0.3000	3
mix_F2_into_M1	syn_F2-M1_f0.3_rep4	F2	M1	0.3000	0.0700	0.0500	0.1000	0.0000	0.0000	0.0000	1.0000	350	0.0009	521	12931	0.0000	PASS	0.3000	4
mix_F2_into_M1	syn_F2-M1_f0.3_rep5	F2	M1	0.3000	0.0800	0.0600	0.1100	0.0000	0.0000	0.0000	1.0000	350	0.0009	521	12931	0.0000	PASS	0.3000	5
mix_F2_into_M1	syn_F2-M1_f0.4_rep1	F2	M1	0.4000	0.1800	0.1500	0.2100	0.0465	0.0383	0.0549	0.0000	350	0.0009	521	12944	0.0000	PASS	0.4000	1
mix_F2_into_M1	syn_F2-M1_f0.4_rep2	F2	M1	0.4000	0.1800	0.1500	0.2100	0.0459	0.0377	0.0542	0.0000	350	0.0009	521	12944	0.0000	PASS	0.4000	2
mix_F2_into_M1	syn_F2-M1_f0.4_rep3	F2	M1	0.4000	0.1900	0.1600	0.2200	0.0543	0.0460	0.0627	0.0000	350	0.0009	521	12944	0.0000	PASS	0.4000	3
mix_F2_into_M1	syn_F2-M1_f0.4_rep4	F2	M1	0.4000	0.1700	0.1400	0.2000	0.0434	0.0352	0.0517	0.0000	350	0.0009	520	12944	0.0000	PASS	0.4000	4
mix_F2_into_M1	syn_F2-M1_f0.4_rep5	F2	M1	0.4000	0.1800	0.1500	0.2100	0.0513	0.0430	0.0597	0.0000	350	0.0009	521	12944	0.0000	PASS	0.4000	5
mix_F2_into_M1	syn_F2-M1_f0.5_rep1	F2	M1	0.5000	0.2800	0.2500	0.3200	0.1420	0.1330	0.1511	0.0000	350	0.0009	521	12957	0.0000	PASS	0.5000	1
mix_F2_into_M1	syn_F2-M1_f0.5_rep2	F2	M1	0.5000	0.2800	0.2400	0.3100	0.1365	0.1276	0.1455	0.0000	350	0.0009	521	12957	0.0000	PASS	0.5000	2
mix_F2_into_M1	syn_F2-M1_f0.5_rep3	F2	M1	0.5000	0.2800	0.2500	0.3200	0.1479	0.1389	0.1570	0.0000	350	0.0009	521	12957	0.0000	PASS	0.5000	3
mix_F2_into_M1	syn_F2-M1_f0.5_rep4	F2	M1	0.5000	0.2700	0.2400	0.3000	0.1351	0.1262	0.1441	0.0000	350	0.0009	521	12957	0.0000	PASS	0.5000	4
mix_F2_into_M1	syn_F2-M1_f0.5_rep5	F2	M1	0.5000	0.2800	0.2500	0.3200	0.1434	0.1345	0.1525	0.0000	350	0.0009	521	12957	0.0000	PASS	0.5000	5
mix_F2_into_M2	syn_F2-M2_f0.1_rep1	F2	M2	0.1000	0.0000	0.0000	0.0100	0.0000	0.0000	0.0000	1.0000	331	0.0007	515	16140	1.0000	PASS	0.1000	1
mix_F2_into_M2	syn_F2-M2_f0.1_rep2	F2	M2	0.1000	0.0000	0.0000	0.0100	0.0000	0.0000	0.0000	1.0000	331	0.0007	513	16140	1.0000	PASS	0.1000	2
mix_F2_into_M2	syn_F2-M2_f0.1_rep3	F2	M2	0.1000	0.0000	0.0000	0.0000	0.0000	0.0000	0.0000	1.0000	331	0.0007	515	16139	1.0000	PASS	0.1000	3
mix_F2_into_M2	syn_F2-M2_f0.1_rep4	F2	M2	0.1000	0.0000	0.0000	0.0100	0.0000	0.0000	0.0000	1.0000	331	0.0007	513	16140	1.0000	PASS	0.1000	4
mix_F2_into_M2	syn_F2-M2_f0.1_rep5	F2	M2	0.1000	0.0000	0.0000	0.0100	0.0000	0.0000	0.0000	1.0000	331	0.0007	515	16140	1.0000	PASS	0.1000	5
mix_F2_into_M2	syn_F2-M2_f0.2_rep1	F2	M2	0.2000	0.0000	0.0000	0.0200	0.0000	0.0000	0.0000	1.0000	331	0.0007	529	16156	1.0000	PASS	0.2000	1
mix_F2_into_M2	syn_F2-M2_f0.2_rep2	F2	M2	0.2000	0.0000	0.0000	0.0200	0.0000	0.0000	0.0000	1.0000	331	0.0007	528	16156	1.0000	PASS	0.2000	2
mix_F2_into_M2	syn_F2-M2_f0.2_rep3	F2	M2	0.2000	0.0000	0.0000	0.0100	0.0000	0.0000	0.0000	1.0000	331	0.0007	529	16155	1.0000	PASS	0.2000	3
mix_F2_into_M2	syn_F2-M2_f0.2_rep4	F2	M2	0.2000	0.0000	0.0000	0.0200	0.0000	0.0000	0.0000	1.0000	331	0.0007	528	16156	1.0000	PASS	0.2000	4
mix_F2_into_M2	syn_F2-M2_f0.2_rep5	F2	M2	0.2000	0.0000	0.0000	0.0200	0.0000	0.0000	0.0000	1.0000	331	0.0007	529	16156	1.0000	PASS	0.2000	5
mix_F2_into_M2	syn_F2-M2_f0.3_rep1	F2	M2	0.3000	0.0700	0.0400	0.1100	0.0000	0.0000	0.0000	1.0000	331	0.0007	529	16171	1.0000	PASS	0.3000	1
mix_F2_into_M2	syn_F2-M2_f0.3_rep2	F2	M2	0.3000	0.0800	0.0400	0.1100	0.0000	0.0000	0.0000	1.0000	331	0.0007	529	16172	1.0000	PASS	0.3000	2
mix_F2_into_M2	syn_F2-M2_f0.3_rep3	F2	M2	0.3000	0.0500	0.0200	0.0800	0.0000	0.0000	0.0000	1.0000	331	0.0007	533	16171	1.0000	PASS	0.3000	3
mix_F2_into_M2	syn_F2-M2_f0.3_rep4	F2	M2	0.3000	0.0700	0.0400	0.1100	0.0000	0.0000	0.0000	1.0000	331	0.0007	530	16171	1.0000	PASS	0.3000	4
mix_F2_into_M2	syn_F2-M2_f0.3_rep5	F2	M2	0.3000	0.0700	0.0400	0.1100	0.0000	0.0000	0.0000	1.0000	331	0.0007	530	16172	1.0000	PASS	0.3000	5
mix_F2_into_M2	syn_F2-M2_f0.4_rep1	F2	M2	0.4000	0.1600	0.1300	0.2000	0.0312	0.0236	0.0388	0.0000	331	0.0007	529	16187	1.0000	PASS	0.4000	1
mix_F2_into_M2	syn_F2-M2_f0.4_rep2	F2	M2	0.4000	0.1800	0.1400	0.2200	0.0355	0.0279	0.0432	0.0000	331	0.0007	531	16187	1.0000	PASS	0.4000	2
mix_F2_into_M2	syn_F2-M2_f0.4_rep3	F2	M2	0.4000	0.1500	0.1200	0.1800	0.0323	0.0247	0.0399	0.0000	331	0.0007	533	16187	1.0000	PASS	0.4000	3
mix_F2_into_M2	syn_F2-M2_f0.4_rep4	F2	M2	0.4000	0.1700	0.1300	0.2100	0.0336	0.0260	0.0412	0.0000	331	0.0007	530	16187	1.0000	PASS	0.4000	4
mix_F2_into_M2	syn_F2-M2_f0.4_rep5	F2	M2	0.4000	0.1700	0.1300	0.2100	0.0315	0.0239	0.0391	0.0000	331	0.0007	535	16187	1.0000	PASS	0.4000	5
mix_F2_into_M2	syn_F2-M2_f0.5_rep1	F2	M2	0.5000	0.2600	0.2200	0.3100	0.1253	0.1171	0.1337	0.0000	331	0.0007	531	16203	1.0000	PASS	0.5000	1
mix_F2_into_M2	syn_F2-M2_f0.5_rep2	F2	M2	0.5000	0.2700	0.2300	0.3200	0.1240	0.1157	0.1324	0.0000	331	0.0007	537	16203	1.0000	PASS	0.5000	2
mix_F2_into_M2	syn_F2-M2_f0.5_rep3	F2	M2	0.5000	0.2400	0.2100	0.2800	0.1234	0.1151	0.1317	0.0000	331	0.0007	538	16203	1.0000	PASS	0.5000	3
mix_F2_into_M2	syn_F2-M2_f0.5_rep4	F2	M2	0.5000	0.2700	0.2300	0.3100	0.1273	0.1190	0.1357	0.0000	331	0.0007	536	16203	1.0000	PASS	0.5000	4
mix_F2_into_M2	syn_F2-M2_f0.5_rep5	F2	M2	0.5000	0.2700	0.2200	0.3100	0.1255	0.1172	0.1338	0.0000	331	0.0007	536	16203	1.0000	PASS	0.5000	5
mix_F3_into_F2	syn_F3-F2_f0.1_rep1	F3	F2	0.1000	0.2700	0.2200	0.3300	0.0000	0.0000	0.0000	1.0000	350	0.0024	492	1574	0.9849	PASS	0.1000	1
mix_F3_into_F2	syn_F3-F2_f0.1_rep2	F3	F2	0.1000	0.2600	0.2100	0.3200	0.0000	0.0000	0.0000	1.0000	350	0.0024	492	1575	0.9912	PASS	0.1000	2
mix_F3_into_F2	syn_F3-F2_f0.1_rep3	F3	F2	0.1000	0.2700	0.2100	0.3200	0.0000	0.0000	0.0000	1.0000	350	0.0024	493	1574	0.9975	PASS	0.1000	3
mix_F3_into_F2	syn_F3-F2_f0.1_rep4	F3	F2	0.1000	0.2600	0.2000	0.3200	0.0000	0.0000	0.0000	1.0000	350	0.0024	493	1574	0.9897	PASS	0.1000	4
mix_F3_into_F2	syn_F3-F2_f0.1_rep5	F3	F2	0.1000	0.2700	0.2200	0.3300	0.0000	0.0000	0.0000	1.0000	350	0.0024	492	1575	0.9983	PASS	0.1000	5
mix_F3_into_F2	syn_F3-F2_f0.2_rep1	F3	F2	0.2000	0.3700	0.3200	0.4300	0.0070	0.0000	0.0350	0.3103	350	0.0024	492	1576	0.9979	PASS	0.2000	1
mix_F3_into_F2	syn_F3-F2_f0.2_rep2	F3	F2	0.2000	0.3600	0.3000	0.4200	0.0000	0.0000	0.0000	1.0000	350	0.0024	493	1576	0.9978	PASS	0.2000	2
mix_F3_into_F2	syn_F3-F2_f0.2_rep3	F3	F2	0.2000	0.3600	0.3100	0.4200	0.0000	0.0000	0.0000	1.0000	350	0.0024	493	1576	0.9998	PASS	0.2000	3
mix_F3_into_F2	syn_F3-F2_f0.2_rep4	F3	F2	0.2000	0.3600	0.3000	0.4200	0.0000	0.0000	0.0000	1.0000	350	0.0024	493	1576	0.9989	PASS	0.2000	4
mix_F3_into_F2	syn_F3-F2_f0.2_rep5	F3	F2	0.2000	0.3600	0.3100	0.4200	0.0014	0.0000	0.0294	0.4596	350	0.0024	493	1576	0.9994	PASS	0.2000	5
mix_F3_into_F2	syn_F3-F2_f0.3_rep1	F3	F2	0.3000	0.4700	0.4100	0.5300	0.0965	0.0674	0.1264	0.0000	350	0.0024	493	1577	0.9997	PASS	0.3000	1
mix_F3_into_F2	syn_F3-F2_f0.3_rep2	F3	F2	0.3000	0.4600	0.4000	0.5300	0.0917	0.0626	0.1216	0.0000	350	0.0024	496	1578	0.9996	PASS	0.3000	2
mix_F3_into_F2	syn_F3-F2_f0.3_rep3	F3	F2	0.3000	0.4600	0.4000	0.5200	0.0896	0.0606	0.1193	0.0000	350	0.0024	494	1578	1.0000	PASS	0.3000	3
mix_F3_into_F2	syn_F3-F2_f0.3_rep4	F3	F2	0.3000	0.4500	0.3900	0.5100	0.0798	0.0510	0.1094	0.0000	350	0.0024	500	1578	0.9997	PASS	0.3000	4
mix_F3_into_F2	syn_F3-F2_f0.3_rep5	F3	F2	0.3000	0.4600	0.4100	0.5300	0.0951	0.0660	0.1250	0.0000	350	0.0024	493	1578	0.9999	PASS	0.3000	5
mix_F3_into_F2	syn_F3-F2_f0.4_rep1	F3	F2	0.4000	0.5800	0.5200	0.6500	0.2046	0.1734	0.2364	0.0000	350	0.0024	493	1579	1.0000	PASS	0.4000	1
mix_F3_into_F2	syn_F3-F2_f0.4_rep2	F3	F2	0.4000	0.5600	0.5000	0.6300	0.1886	0.1577	0.2203	0.0000	350	0.0024	497	1579	0.9999	PASS	0.4000	2
mix_F3_into_F2	syn_F3-F2_f0.4_rep3	F3	F2	0.4000	0.5600	0.5000	0.6200	0.1872	0.1564	0.2187	0.0000	350	0.0024	493	1579	1.0000	PASS	0.4000	3
mix_F3_into_F2	syn_F3-F2_f0.4_rep4	F3	F2	0.4000	0.5600	0.4900	0.6200	0.1743	0.1436	0.2057	0.0000	350	0.0024	501	1579	0.9999	PASS	0.4000	4
mix_F3_into_F2	syn_F3-F2_f0.4_rep5	F3	F2	0.4000	0.5600	0.5000	0.6200	0.1844	0.1536	0.2159	0.0000	350	0.0024	493	1579	1.0000	PASS	0.4000	5
mix_F3_into_F2	syn_F3-F2_f0.5_rep1	F3	F2	0.5000	0.6900	0.6300	0.7600	0.3096	0.2766	0.3433	0.0000	350	0.0024	494	1581	1.0000	PASS	0.5000	1
mix_F3_into_F2	syn_F3-F2_f0.5_rep2	F3	F2	0.5000	0.6600	0.6000	0.7300	0.2829	0.2503	0.3162	0.0000	350	0.0024	497	1581	1.0000	PASS	0.5000	2
mix_F3_into_F2	syn_F3-F2_f0.5_rep3	F3	F2	0.5000	0.6800	0.6200	0.7400	0.2886	0.2560	0.3219	0.0000	350	0.0024	495	1581	1.0000	PASS	0.5000	3
mix_F3_into_F2	syn_F3-F2_f0.5_rep4	F3	F2	0.5000	0.6700	0.6000	0.7400	0.2764	0.2440	0.3096	0.0000	350	0.0024	501	1581	1.0000	PASS	0.5000	4
mix_F3_into_F2	syn_F3-F2_f0.5_rep5	F3	F2	0.5000	0.6500	0.5900	0.7100	0.2722	0.2399	0.3053	0.0000	350	0.0024	493	1581	1.0000	PASS	0.5000	5
mix_M1_into_M2	syn_M1-M2_f0.1_rep1	M1	M2	0.1000	0.0000	0.0000	0.0100	0.0000	0.0000	0.0000	1.0000	338	0.0007	518	16472	0.0000	REVIEW	0.1000	1
mix_M1_into_M2	syn_M1-M2_f0.1_rep2	M1	M2	0.1000	0.0000	0.0000	0.0100	0.0000	0.0000	0.0000	1.0000	338	0.0007	518	16471	0.0000	REVIEW	0.1000	2
mix_M1_into_M2	syn_M1-M2_f0.1_rep3	M1	M2	0.1000	0.0000	0.0000	0.0100	0.0000	0.0000	0.0000	1.0000	338	0.0007	518	16472	0.0000	REVIEW	0.1000	3
mix_M1_into_M2	syn_M1-M2_f0.1_rep4	M1	M2	0.1000	0.0000	0.0000	0.0100	0.0000	0.0000	0.0000	1.0000	338	0.0007	519	16472	0.0000	REVIEW	0.1000	4
mix_M1_into_M2	syn_M1-M2_f0.1_rep5	M1	M2	0.1000	0.0000	0.0000	0.0100	0.0000	0.0000	0.0000	1.0000	338	0.0007	518	16472	0.0000	REVIEW	0.1000	5
mix_M1_into_M2	syn_M1-M2_f0.2_rep1	M1	M2	0.2000	0.0000	0.0000	0.0100	0.0000	0.0000	0.0000	1.0000	338	0.0007	533	16488	0.0000	REVIEW	0.2000	1
mix_M1_into_M2	syn_M1-M2_f0.2_rep2	M1	M2	0.2000	0.0000	0.0000	0.0100	0.0000	0.0000	0.0000	1.0000	338	0.0007	531	16488	0.0000	REVIEW	0.2000	2
mix_M1_into_M2	syn_M1-M2_f0.2_rep3	M1	M2	0.2000	0.0000	0.0000	0.0100	0.0000	0.0000	0.0000	1.0000	338	0.0007	532	16488	0.0000	REVIEW	0.2000	3
mix_M1_into_M2	syn_M1-M2_f0.2_rep4	M1	M2	0.2000	0.0000	0.0000	0.0200	0.0000	0.0000	0.0000	1.0000	338	0.0007	532	16489	0.0000	REVIEW	0.2000	4
mix_M1_into_M2	syn_M1-M2_f0.2_rep5	M1	M2	0.2000	0.0000	0.0000	0.0100	0.0000	0.0000	0.0000	1.0000	338	0.0007	531	16488	0.0000	REVIEW	0.2000	5
mix_M1_into_M2	syn_M1-M2_f0.3_rep1	M1	M2	0.3000	0.0600	0.0300	0.0900	0.0000	0.0000	0.0000	1.0000	338	0.0007	537	16504	0.0000	REVIEW	0.3000	1
mix_M1_into_M2	syn_M1-M2_f0.3_rep2	M1	M2	0.3000	0.0700	0.0400	0.1000	0.0000	0.0000	0.0000	1.0000	338	0.0007	536	16504	0.0000	REVIEW	0.3000	2
mix_M1_into_M2	syn_M1-M2_f0.3_rep3	M1	M2	0.3000	0.0700	0.0400	0.1000	0.0000	0.0000	0.0000	1.0000	338	0.0007	537	16505	0.0000	REVIEW	0.3000	3
mix_M1_into_M2	syn_M1-M2_f0.3_rep4	M1	M2	0.3000	0.0700	0.0400	0.1100	0.0000	0.0000	0.0000	1.0000	338	0.0007	536	16505	0.0000	REVIEW	0.3000	4
mix_M1_into_M2	syn_M1-M2_f0.3_rep5	M1	M2	0.3000	0.0700	0.0400	0.1000	0.0000	0.0000	0.0000	1.0000	338	0.0007	536	16505	0.0000	REVIEW	0.3000	5
mix_M1_into_M2	syn_M1-M2_f0.4_rep1	M1	M2	0.4000	0.1600	0.1300	0.1900	0.0387	0.0309	0.0464	0.0000	338	0.0007	537	16521	0.0000	REVIEW	0.4000	1
mix_M1_into_M2	syn_M1-M2_f0.4_rep2	M1	M2	0.4000	0.1600	0.1300	0.1900	0.0394	0.0317	0.0472	0.0000	338	0.0007	536	16521	0.0000	REVIEW	0.4000	2
mix_M1_into_M2	syn_M1-M2_f0.4_rep3	M1	M2	0.4000	0.1600	0.1300	0.2000	0.0428	0.0351	0.0506	0.0000	338	0.0007	537	16521	0.0000	REVIEW	0.4000	3
mix_M1_into_M2	syn_M1-M2_f0.4_rep4	M1	M2	0.4000	0.1700	0.1400	0.2100	0.0465	0.0387	0.0543	0.0000	338	0.0007	536	16522	0.0000	REVIEW	0.4000	4
mix_M1_into_M2	syn_M1-M2_f0.4_rep5	M1	M2	0.4000	0.1500	0.1200	0.1800	0.0340	0.0264	0.0418	0.0000	338	0.0007	536	16520	0.0000	REVIEW	0.4000	5
mix_M1_into_M2	syn_M1-M2_f0.5_rep1	M1	M2	0.5000	0.2500	0.2200	0.2900	0.1320	0.1235	0.1404	0.0000	338	0.0007	535	16538	0.0000	REVIEW	0.5000	1
mix_M1_into_M2	syn_M1-M2_f0.5_rep2	M1	M2	0.5000	0.2600	0.2200	0.2900	0.1351	0.1266	0.1436	0.0000	338	0.0007	534	16538	0.0000	REVIEW	0.5000	2
mix_M1_into_M2	syn_M1-M2_f0.5_rep3	M1	M2	0.5000	0.2600	0.2300	0.2900	0.1359	0.1275	0.1444	0.0000	338	0.0007	537	16538	0.0000	REVIEW	0.5000	3
mix_M1_into_M2	syn_M1-M2_f0.5_rep4	M1	M2	0.5000	0.2700	0.2400	0.3100	0.1408	0.1324	0.1494	0.0000	338	0.0007	536	16538	0.0000	REVIEW	0.5000	4
mix_M1_into_M2	syn_M1-M2_f0.5_rep5	M1	M2	0.5000	0.2500	0.2200	0.2800	0.1258	0.1175	0.1343	0.0000	338	0.0007	536	16537	0.0000	REVIEW	0.5000	5
mix_M3_into_F1	syn_M3-F1_f0.1_rep1	M3	F1	0.1000	0.0600	0.0200	0.1000	0.0000	0.0000	0.0000	1.0000	363	0.0016	524	1769	1.0000	PASS	0.1000	1
mix_M3_into_F1	syn_M3-F1_f0.1_rep2	M3	F1	0.1000	0.0500	0.0100	0.0900	0.0000	0.0000	0.0000	1.0000	363	0.0016	523	1769	1.0000	PASS	0.1000	2
mix_M3_into_F1	syn_M3-F1_f0.1_rep3	M3	F1	0.1000	0.0500	0.0100	0.0900	0.0000	0.0000	0.0000	1.0000	363	0.0016	524	1769	1.0000	PASS	0.1000	3
mix_M3_into_F1	syn_M3-F1_f0.1_rep4	M3	F1	0.1000	0.0500	0.0100	0.0900	0.0000	0.0000	0.0000	1.0000	363	0.0016	524	1769	1.0000	PASS	0.1000	4
mix_M3_into_F1	syn_M3-F1_f0.1_rep5	M3	F1	0.1000	0.0500	0.0100	0.0900	0.0000	0.0000	0.0000	1.0000	363	0.0016	522	1769	1.0000	PASS	0.1000	5
mix_M3_into_F1	syn_M3-F1_f0.2_rep1	M3	F1	0.2000	0.1600	0.1200	0.2000	0.0000	0.0000	0.0000	1.0000	363	0.0016	526	1771	1.0000	PASS	0.2000	1
mix_M3_into_F1	syn_M3-F1_f0.2_rep2	M3	F1	0.2000	0.1500	0.1100	0.1900	0.0000	0.0000	0.0000	1.0000	363	0.0016	526	1771	1.0000	PASS	0.2000	2
mix_M3_into_F1	syn_M3-F1_f0.2_rep3	M3	F1	0.2000	0.1500	0.1100	0.1900	0.0000	0.0000	0.0000	1.0000	363	0.0016	524	1771	1.0000	PASS	0.2000	3
mix_M3_into_F1	syn_M3-F1_f0.2_rep4	M3	F1	0.2000	0.1400	0.1000	0.1800	0.0000	0.0000	0.0000	1.0000	363	0.0016	524	1771	1.0000	PASS	0.2000	4
mix_M3_into_F1	syn_M3-F1_f0.2_rep5	M3	F1	0.2000	0.1500	0.1100	0.1900	0.0000	0.0000	0.0000	1.0000	363	0.0016	524	1771	1.0000	PASS	0.2000	5
mix_M3_into_F1	syn_M3-F1_f0.3_rep1	M3	F1	0.3000	0.2600	0.2200	0.3000	0.0087	0.0000	0.0317	0.2265	363	0.0016	525	1773	1.0000	PASS	0.3000	1
mix_M3_into_F1	syn_M3-F1_f0.3_rep2	M3	F1	0.3000	0.2500	0.2100	0.3000	0.0000	0.0000	0.0000	1.0000	363	0.0016	524	1773	1.0000	PASS	0.3000	2
mix_M3_into_F1	syn_M3-F1_f0.3_rep3	M3	F1	0.3000	0.2500	0.2100	0.3000	0.0016	0.0000	0.0246	0.4436	363	0.0016	524	1773	1.0000	PASS	0.3000	3
mix_M3_into_F1	syn_M3-F1_f0.3_rep4	M3	F1	0.3000	0.2400	0.2000	0.2800	0.0000	0.0000	0.0000	1.0000	363	0.0016	524	1773	1.0000	PASS	0.3000	4
mix_M3_into_F1	syn_M3-F1_f0.3_rep5	M3	F1	0.3000	0.2500	0.2100	0.2900	0.0000	0.0000	0.0000	1.0000	363	0.0016	524	1773	1.0000	PASS	0.3000	5
mix_M3_into_F1	syn_M3-F1_f0.4_rep1	M3	F1	0.4000	0.3600	0.3200	0.4100	0.0950	0.0707	0.1200	0.0000	363	0.0016	526	1774	1.0000	PASS	0.4000	1
mix_M3_into_F1	syn_M3-F1_f0.4_rep2	M3	F1	0.4000	0.3500	0.3000	0.4000	0.0863	0.0622	0.1109	0.0000	363	0.0016	527	1775	1.0000	PASS	0.4000	2
mix_M3_into_F1	syn_M3-F1_f0.4_rep3	M3	F1	0.4000	0.3600	0.3100	0.4100	0.0982	0.0740	0.1231	0.0000	363	0.0016	525	1774	1.0000	PASS	0.4000	3
mix_M3_into_F1	syn_M3-F1_f0.4_rep4	M3	F1	0.4000	0.3500	0.3000	0.3900	0.0897	0.0654	0.1146	0.0000	363	0.0016	524	1774	1.0000	PASS	0.4000	4
mix_M3_into_F1	syn_M3-F1_f0.4_rep5	M3	F1	0.4000	0.3500	0.3000	0.4000	0.0858	0.0618	0.1105	0.0000	363	0.0016	525	1774	1.0000	PASS	0.4000	5
mix_M3_into_F1	syn_M3-F1_f0.5_rep1	M3	F1	0.5000	0.4600	0.4100	0.5100	0.1900	0.1640	0.2167	0.0000	363	0.0016	526	1776	1.0000	PASS	0.5000	1
mix_M3_into_F1	syn_M3-F1_f0.5_rep2	M3	F1	0.5000	0.4600	0.4100	0.5100	0.1884	0.1624	0.2149	0.0000	363	0.0016	527	1776	1.0000	PASS	0.5000	2
mix_M3_into_F1	syn_M3-F1_f0.5_rep3	M3	F1	0.5000	0.4600	0.4100	0.5100	0.1955	0.1695	0.2221	0.0000	363	0.0016	524	1776	1.0000	PASS	0.5000	3
mix_M3_into_F1	syn_M3-F1_f0.5_rep4	M3	F1	0.5000	0.4500	0.4000	0.4900	0.1795	0.1536	0.2060	0.0000	363	0.0016	524	1776	1.0000	PASS	0.5000	4
mix_M3_into_F1	syn_M3-F1_f0.5_rep5	M3	F1	0.5000	0.4700	0.4200	0.5200	0.1945	0.1685	0.2211	0.0000	363	0.0016	525	1776	1.0000	PASS	0.5000	5
mix_M3_into_F2	syn_M3-F2_f0.1_rep1	M3	F2	0.1000	0.3300	0.2700	0.4100	0.0000	0.0000	0.0000	1.0000	342	0.0028	488	1573	0.7509	PASS	0.1000	1
mix_M3_into_F2	syn_M3-F2_f0.1_rep2	M3	F2	0.1000	0.3400	0.2700	0.4100	0.0000	0.0000	0.0000	1.0000	342	0.0028	489	1573	0.4869	PASS	0.1000	2
mix_M3_into_F2	syn_M3-F2_f0.1_rep3	M3	F2	0.1000	0.3100	0.2500	0.3800	0.0000	0.0000	0.0000	1.0000	342	0.0028	490	1573	0.6395	PASS	0.1000	3
mix_M3_into_F2	syn_M3-F2_f0.1_rep4	M3	F2	0.1000	0.3400	0.2800	0.4200	0.0000	0.0000	0.0000	1.0000	342	0.0028	490	1573	0.5232	PASS	0.1000	4
mix_M3_into_F2	syn_M3-F2_f0.1_rep5	M3	F2	0.1000	0.3300	0.2600	0.4000	0.0000	0.0000	0.0000	1.0000	342	0.0028	491	1573	0.5083	PASS	0.1000	5
mix_M3_into_F2	syn_M3-F2_f0.2_rep1	M3	F2	0.2000	0.4300	0.3700	0.5000	0.0000	0.0000	0.0000	1.0000	342	0.0028	489	1575	0.9610	PASS	0.2000	1
mix_M3_into_F2	syn_M3-F2_f0.2_rep2	M3	F2	0.2000	0.4500	0.3800	0.5300	0.0000	0.0000	0.0000	1.0000	342	0.0028	490	1575	0.7083	PASS	0.2000	2
mix_M3_into_F2	syn_M3-F2_f0.2_rep3	M3	F2	0.2000	0.4300	0.3600	0.5000	0.0000	0.0000	0.0000	1.0000	342	0.0028	489	1575	0.7974	PASS	0.2000	3
mix_M3_into_F2	syn_M3-F2_f0.2_rep4	M3	F2	0.2000	0.4400	0.3700	0.5200	0.0000	0.0000	0.0000	1.0000	342	0.0028	489	1575	0.7853	PASS	0.2000	4
mix_M3_into_F2	syn_M3-F2_f0.2_rep5	M3	F2	0.2000	0.4300	0.3700	0.5100	0.0000	0.0000	0.0000	1.0000	342	0.0028	492	1575	0.8858	PASS	0.2000	5
mix_M3_into_F2	syn_M3-F2_f0.3_rep1	M3	F2	0.3000	0.5300	0.4600	0.6000	0.0470	0.0178	0.0769	0.0007	342	0.0028	490	1576	0.9895	PASS	0.3000	1
mix_M3_into_F2	syn_M3-F2_f0.3_rep2	M3	F2	0.3000	0.5500	0.4800	0.6300	0.0458	0.0167	0.0758	0.0010	342	0.0028	490	1576	0.9154	PASS	0.3000	2
mix_M3_into_F2	syn_M3-F2_f0.3_rep3	M3	F2	0.3000	0.5300	0.4600	0.6100	0.0429	0.0137	0.0728	0.0019	342	0.0028	489	1576	0.9094	PASS	0.3000	3
mix_M3_into_F2	syn_M3-F2_f0.3_rep4	M3	F2	0.3000	0.5600	0.4900	0.6400	0.0619	0.0324	0.0921	0.0000	342	0.0028	489	1576	0.9074	PASS	0.3000	4
mix_M3_into_F2	syn_M3-F2_f0.3_rep5	M3	F2	0.3000	0.5300	0.4600	0.6000	0.0211	0.0000	0.0511	0.0798	342	0.0030	495	1576	0.9832	PASS	0.3000	5
mix_M3_into_F2	syn_M3-F2_f0.4_rep1	M3	F2	0.4000	0.6300	0.5700	0.7100	0.1481	0.1170	0.1799	0.0000	342	0.0028	492	1578	0.9965	PASS	0.4000	1
mix_M3_into_F2	syn_M3-F2_f0.4_rep2	M3	F2	0.4000	0.6400	0.5700	0.7200	0.1277	0.0969	0.1592	0.0000	342	0.0028	492	1578	0.9610	PASS	0.4000	2
mix_M3_into_F2	syn_M3-F2_f0.4_rep3	M3	F2	0.4000	0.6300	0.5600	0.7100	0.1463	0.1151	0.1782	0.0000	342	0.0028	492	1578	0.9766	PASS	0.4000	3
mix_M3_into_F2	syn_M3-F2_f0.4_rep4	M3	F2	0.4000	0.6900	0.6100	0.7700	0.1666	0.1351	0.1987	0.0000	342	0.0028	488	1578	0.7657	PASS	0.4000	4
mix_M3_into_F2	syn_M3-F2_f0.4_rep5	M3	F2	0.4000	0.6400	0.5700	0.7200	0.1190	0.0879	0.1509	0.0000	342	0.0030	496	1578	0.9674	PASS	0.4000	5
mix_M3_into_F2	syn_M3-F2_f0.5_rep1	M3	F2	0.5000	0.7400	0.6700	0.8200	0.2450	0.2122	0.2785	0.0000	342	0.0028	488	1579	0.9995	PASS	0.5000	1
mix_M3_into_F2	syn_M3-F2_f0.5_rep2	M3	F2	0.5000	0.7400	0.6700	0.8300	0.2235	0.1910	0.2568	0.0000	342	0.0028	494	1580	0.9840	PASS	0.5000	2
mix_M3_into_F2	syn_M3-F2_f0.5_rep3	M3	F2	0.5000	0.7400	0.6700	0.8200	0.2516	0.2186	0.2853	0.0000	342	0.0028	491	1580	0.9882	PASS	0.5000	3
mix_M3_into_F2	syn_M3-F2_f0.5_rep4	M3	F2	0.5000	0.8000	0.7200	0.8900	0.2669	0.2338	0.3008	0.0000	342	0.0028	489	1579	0.8544	PASS	0.5000	4
mix_M3_into_F2	syn_M3-F2_f0.5_rep5	M3	F2	0.5000	0.7500	0.6800	0.8300	0.2160	0.1832	0.2495	0.0000	342	0.0030	493	1580	0.9774	PASS	0.5000	5
mix_M3_into_F3	syn_M3-F3_f0.1_rep1	M3	F3	0.1000	0.0600	0.0200	0.1100	0.0000	0.0000	0.0000	1.0000	336	0.0020	496	1692	0.9998	PASS	0.1000	1
mix_M3_into_F3	syn_M3-F3_f0.1_rep2	M3	F3	0.1000	0.0500	0.0100	0.1000	0.0000	0.0000	0.0000	1.0000	336	0.0020	497	1692	0.9970	PASS	0.1000	2
mix_M3_into_F3	syn_M3-F3_f0.1_rep3	M3	F3	0.1000	0.0400	0.0000	0.0900	0.0000	0.0000	0.0000	1.0000	336	0.0020	496	1692	0.9995	PASS	0.1000	3
mix_M3_into_F3	syn_M3-F3_f0.1_rep4	M3	F3	0.1000	0.0500	0.0100	0.1000	0.0000	0.0000	0.0000	1.0000	336	0.0020	496	1692	0.9969	PASS	0.1000	4
mix_M3_into_F3	syn_M3-F3_f0.1_rep5	M3	F3	0.1000	0.0500	0.0100	0.1000	0.0000	0.0000	0.0000	1.0000	336	0.0020	496	1692	0.9981	PASS	0.1000	5
mix_M3_into_F3	syn_M3-F3_f0.2_rep1	M3	F3	0.2000	0.1500	0.1000	0.2000	0.0000	0.0000	0.0000	1.0000	336	0.0020	497	1694	1.0000	PASS	0.2000	1
mix_M3_into_F3	syn_M3-F3_f0.2_rep2	M3	F3	0.2000	0.1500	0.1100	0.2000	0.0000	0.0000	0.0000	1.0000	336	0.0020	497	1694	0.9998	PASS	0.2000	2
mix_M3_into_F3	syn_M3-F3_f0.2_rep3	M3	F3	0.2000	0.1500	0.1000	0.2000	0.0000	0.0000	0.0000	1.0000	336	0.0020	496	1694	1.0000	PASS	0.2000	3
mix_M3_into_F3	syn_M3-F3_f0.2_rep4	M3	F3	0.2000	0.1300	0.0900	0.1800	0.0000	0.0000	0.0000	1.0000	336	0.0020	497	1694	0.9997	PASS	0.2000	4
mix_M3_into_F3	syn_M3-F3_f0.2_rep5	M3	F3	0.2000	0.1400	0.1000	0.1900	0.0000	0.0000	0.0000	1.0000	336	0.0020	496	1694	1.0000	PASS	0.2000	5
mix_M3_into_F3	syn_M3-F3_f0.3_rep1	M3	F3	0.3000	0.2600	0.2100	0.3100	0.0000	0.0000	0.0000	1.0000	336	0.0020	498	1696	1.0000	PASS	0.3000	1
mix_M3_into_F3	syn_M3-F3_f0.3_rep2	M3	F3	0.3000	0.2500	0.2100	0.3000	0.0000	0.0000	0.0000	1.0000	336	0.0020	497	1696	1.0000	PASS	0.3000	2
mix_M3_into_F3	syn_M3-F3_f0.3_rep3	M3	F3	0.3000	0.2500	0.2000	0.3000	0.0000	0.0000	0.0000	1.0000	336	0.0020	498	1696	1.0000	PASS	0.3000	3
mix_M3_into_F3	syn_M3-F3_f0.3_rep4	M3	F3	0.3000	0.2400	0.1900	0.2900	0.0000	0.0000	0.0000	1.0000	336	0.0020	498	1696	0.9999	PASS	0.3000	4
mix_M3_into_F3	syn_M3-F3_f0.3_rep5	M3	F3	0.3000	0.2300	0.1900	0.2800	0.0000	0.0000	0.0000	1.0000	336	0.0020	497	1696	1.0000	PASS	0.3000	5
mix_M3_into_F3	syn_M3-F3_f0.4_rep1	M3	F3	0.4000	0.3600	0.3100	0.4200	0.0508	0.0244	0.0780	0.0001	336	0.0020	500	1697	1.0000	PASS	0.4000	1
mix_M3_into_F3	syn_M3-F3_f0.4_rep2	M3	F3	0.4000	0.3500	0.3000	0.4000	0.0383	0.0119	0.0654	0.0021	336	0.0020	504	1697	1.0000	PASS	0.4000	2
mix_M3_into_F3	syn_M3-F3_f0.4_rep3	M3	F3	0.4000	0.3500	0.3000	0.4000	0.0399	0.0135	0.0670	0.0014	336	0.0020	497	1697	1.0000	PASS	0.4000	3
mix_M3_into_F3	syn_M3-F3_f0.4_rep4	M3	F3	0.4000	0.3600	0.3100	0.4100	0.0439	0.0173	0.0711	0.0005	336	0.0020	498	1697	0.9999	PASS	0.4000	4
mix_M3_into_F3	syn_M3-F3_f0.4_rep5	M3	F3	0.4000	0.3500	0.3000	0.4000	0.0413	0.0148	0.0684	0.0010	336	0.0020	498	1697	1.0000	PASS	0.4000	5
mix_M3_into_F3	syn_M3-F3_f0.5_rep1	M3	F3	0.5000	0.4600	0.4100	0.5200	0.1434	0.1150	0.1725	0.0000	336	0.0020	503	1699	1.0000	PASS	0.5000	1
mix_M3_into_F3	syn_M3-F3_f0.5_rep2	M3	F3	0.5000	0.4500	0.4000	0.5000	0.1346	0.1063	0.1636	0.0000	336	0.0020	505	1699	1.0000	PASS	0.5000	2
mix_M3_into_F3	syn_M3-F3_f0.5_rep3	M3	F3	0.5000	0.4500	0.4000	0.5100	0.1400	0.1117	0.1691	0.0000	336	0.0020	498	1699	1.0000	PASS	0.5000	3
mix_M3_into_F3	syn_M3-F3_f0.5_rep4	M3	F3	0.5000	0.4500	0.4000	0.5100	0.1341	0.1057	0.1632	0.0000	336	0.0020	501	1699	1.0000	PASS	0.5000	4
mix_M3_into_F3	syn_M3-F3_f0.5_rep5	M3	F3	0.5000	0.4600	0.4000	0.5200	0.1403	0.1120	0.1694	0.0000	336	0.0020	498	1699	1.0000	PASS	0.5000	5
mix_M3_into_M4	syn_M3-M4_f0.1_rep1	M3	M4	0.1000	0.0700	0.0300	0.1200	0.0000	0.0000	0.0000	1.0000	366	0.0016	523	1777	1.0000	PASS	0.1000	1
mix_M3_into_M4	syn_M3-M4_f0.1_rep2	M3	M4	0.1000	0.0800	0.0300	0.1300	0.0000	0.0000	0.0000	1.0000	366	0.0016	523	1778	1.0000	PASS	0.1000	2
mix_M3_into_M4	syn_M3-M4_f0.1_rep3	M3	M4	0.1000	0.0600	0.0200	0.1100	0.0000	0.0000	0.0000	1.0000	366	0.0016	524	1778	1.0000	PASS	0.1000	3
mix_M3_into_M4	syn_M3-M4_f0.1_rep4	M3	M4	0.1000	0.0700	0.0300	0.1200	0.0000	0.0000	0.0000	1.0000	366	0.0016	522	1778	1.0000	PASS	0.1000	4
mix_M3_into_M4	syn_M3-M4_f0.1_rep5	M3	M4	0.1000	0.0700	0.0300	0.1200	0.0000	0.0000	0.0000	1.0000	366	0.0016	523	1778	1.0000	PASS	0.1000	5
mix_M3_into_M4	syn_M3-M4_f0.2_rep1	M3	M4	0.2000	0.1700	0.1200	0.2200	0.0000	0.0000	0.0000	1.0000	366	0.0016	522	1779	1.0000	PASS	0.2000	1
mix_M3_into_M4	syn_M3-M4_f0.2_rep2	M3	M4	0.2000	0.1700	0.1300	0.2200	0.0000	0.0000	0.0000	1.0000	366	0.0016	523	1779	1.0000	PASS	0.2000	2
mix_M3_into_M4	syn_M3-M4_f0.2_rep3	M3	M4	0.2000	0.1500	0.1100	0.2000	0.0000	0.0000	0.0000	1.0000	366	0.0016	524	1779	1.0000	PASS	0.2000	3
mix_M3_into_M4	syn_M3-M4_f0.2_rep4	M3	M4	0.2000	0.1600	0.1200	0.2100	0.0000	0.0000	0.0000	1.0000	366	0.0016	523	1779	1.0000	PASS	0.2000	4
mix_M3_into_M4	syn_M3-M4_f0.2_rep5	M3	M4	0.2000	0.1600	0.1200	0.2100	0.0000	0.0000	0.0000	1.0000	366	0.0016	524	1779	1.0000	PASS	0.2000	5
mix_M3_into_M4	syn_M3-M4_f0.3_rep1	M3	M4	0.3000	0.2700	0.2200	0.3200	0.0000	0.0000	0.0000	1.0000	366	0.0016	523	1781	1.0000	PASS	0.3000	1
mix_M3_into_M4	syn_M3-M4_f0.3_rep2	M3	M4	0.3000	0.2700	0.2200	0.3300	0.0039	0.0000	0.0274	0.3717	366	0.0016	524	1781	1.0000	PASS	0.3000	2
mix_M3_into_M4	syn_M3-M4_f0.3_rep3	M3	M4	0.3000	0.2500	0.2000	0.3100	0.0000	0.0000	0.0000	1.0000	366	0.0016	524	1781	1.0000	PASS	0.3000	3
mix_M3_into_M4	syn_M3-M4_f0.3_rep4	M3	M4	0.3000	0.2500	0.2000	0.3000	0.0000	0.0000	0.0000	1.0000	366	0.0016	523	1781	1.0000	PASS	0.3000	4
mix_M3_into_M4	syn_M3-M4_f0.3_rep5	M3	M4	0.3000	0.2500	0.2000	0.3000	0.0000	0.0000	0.0000	1.0000	366	0.0016	524	1781	1.0000	PASS	0.3000	5
mix_M3_into_M4	syn_M3-M4_f0.4_rep1	M3	M4	0.4000	0.3700	0.3100	0.4200	0.0896	0.0650	0.1148	0.0000	366	0.0016	524	1783	1.0000	PASS	0.4000	1
mix_M3_into_M4	syn_M3-M4_f0.4_rep2	M3	M4	0.4000	0.3700	0.3200	0.4200	0.0937	0.0691	0.1190	0.0000	366	0.0016	524	1783	1.0000	PASS	0.4000	2
mix_M3_into_M4	syn_M3-M4_f0.4_rep3	M3	M4	0.4000	0.3400	0.2900	0.4000	0.0636	0.0393	0.0886	0.0000	366	0.0016	524	1783	1.0000	PASS	0.4000	3
mix_M3_into_M4	syn_M3-M4_f0.4_rep4	M3	M4	0.4000	0.3600	0.3100	0.4100	0.0851	0.0606	0.1101	0.0000	366	0.0016	522	1783	1.0000	PASS	0.4000	4
mix_M3_into_M4	syn_M3-M4_f0.4_rep5	M3	M4	0.4000	0.3500	0.3000	0.4100	0.0839	0.0593	0.1090	0.0000	366	0.0016	524	1783	1.0000	PASS	0.4000	5
mix_M3_into_M4	syn_M3-M4_f0.5_rep1	M3	M4	0.5000	0.4600	0.4000	0.5200	0.1854	0.1592	0.2123	0.0000	366	0.0016	525	1785	1.0000	PASS	0.5000	1
mix_M3_into_M4	syn_M3-M4_f0.5_rep2	M3	M4	0.5000	0.4700	0.4100	0.5200	0.1875	0.1611	0.2145	0.0000	366	0.0016	524	1785	1.0000	PASS	0.5000	2
mix_M3_into_M4	syn_M3-M4_f0.5_rep3	M3	M4	0.5000	0.4300	0.3800	0.4900	0.1550	0.1290	0.1817	0.0000	366	0.0016	525	1785	1.0000	PASS	0.5000	3
mix_M3_into_M4	syn_M3-M4_f0.5_rep4	M3	M4	0.5000	0.4400	0.3900	0.5000	0.1726	0.1465	0.1993	0.0000	366	0.0016	525	1785	1.0000	PASS	0.5000	4
mix_M3_into_M4	syn_M3-M4_f0.5_rep5	M3	M4	0.5000	0.4600	0.4100	0.5200	0.1859	0.1595	0.2129	0.0000	366	0.0016	524	1785	1.0000	PASS	0.5000	5
