chrom	pos	ref	alt	e_refalt	e_altref	n_reads_homref	n_reads_homalt
chr1	2405615	T	.	0.000000e+00	NA	1384	0
chr1	3385134	T	.	0.000000e+00	NA	3447	0
chr1	3385157	C	T	NA	8.705746e-04	0	3446
chr1	4307263	G	A	NA	4.896201e-04	0	10212
chr1	7160874	T	.	0.000000e+00	NA	11126	0
chr1	12010208	G	.	0.000000e+00	NA	6725	0
chr1	13828907	G	A	NA	5.068424e-03	0	1973
chr1	21577713	C	T	7.256894e-04	NA	13780	0
chr1	25563141	T	C	NA	1.031460e-03	0	5817
chr1	25563181	G	A	NA	2.932046e-03	0	5798
chr1	36471423	C	T	4.220478e-05	NA	23694	0
chr1	40312723	C	.	0.000000e+00	NA	3240	0
chr1	40312745	T	G	5.867820e-03	NA	3238	0
chr1	41001131	G	A	3.117207e-03	NA	1604	0
chr1	42926616	T	G	4.796163e-04	NA	6255	0
chr1	43930104	C	T	5.144033e-04	NA	3888	0
chr1	43930114	C	T	NA	7.716049e-04	0	3888
chr1	45331867	C	G	5.279274e-05	NA	18942	0
chr1	47250319	T	C	6.999447e-03	NA	5429	0
chr1	54849908	C	.	0.000000e+00	NA	6825	0
chr1	61016705	C	A	1.438435e-04	NA	6952	0
chr1	63057268	A	G	3.063350e-03	NA	8161	0
chr1	63057272	G	A	NA	1.462571e-03	0	7521
chr1	63437781	T	C	3.508772e-03	NA	1425	423
chr1	63437817	T	C	1.082251e-03	NA	1848	0
chr1	87959250	T	.	0.000000e+00	NA	15546	0
chr1	87959279	A	G	NA	1.838100e-03	0	13601
chr1	99851033	A	G	1.289491e-03	5.000000e-03	12408	1200
chr1	99851052	A	G	1.469400e-04	NA	13611	0
chr1	102886895	A	G	NA	8.299444e-04	0	12049
chr1	105175030	T	C	6.049973e-05	NA	16529	0
chr1	109606352	C	T	1.075269e-03	NA	10230	0
chr1	109606383	T	C	7.785467e-04	NA	11560	0
chr1	115768346	T	C	NA	1.716738e-03	0	6990
chr1	115768362	C	A	2.562132e-04	NA	7806	0
chr1	151341298	A	G	1.227783e-03	NA	17104	0
chr1	154162061	G	.	0.000000e+00	NA	2148	0
chr1	154585239	C	.	0.000000e+00	NA	10089	0
chr1	160277395	G	C	2.284844e-03	2.286336e-03	1313	9185
chr1	161166434	C	A	NA	9.056604e-04	0	19875
chr1	161232815	G	A	NA	1.213246e-03	0	14012
chr1	162767297	A	G	7.877738e-05	NA	12694	0
chr1	162767326	C	G	1.043932e-03	NA	11495	0
chr1	165248083	C	G	6.777823e-05	NA	14754	0
chr1	168313039	C	A	1.250469e-04	NA	23991	0
chr1	170553562	G	A	1.543925e-04	NA	12954	0
chr1	171108024	G	A	3.225583e-04	NA	43403	0
chr1	179551136	G	.	0.000000e+00	NA	6004	0
chr1	180274382	T	.	0.000000e+00	NA	4012	0
chr1	180274389	A	G	NA	2.658867e-04	0	3761
chr1	183208083	A	G	NA	1.145576e-03	0	45392
chr1	183573252	T	C	NA	4.874806e-04	0	22565
chr1	186081285	A	G	4.407713e-03	NA	1815	0
chr1	193125260	T	A	1.961746e-04	NA	10195	0
chr1	205160163	G	.	0.000000e+00	NA	7957	0
chr1	209792204	G	A	3.003395e-03	NA	7658	0
chr1	209792206	A	G	1.305824e-04	NA	7658	0
chr1	209792208	G	A	3.396029e-03	NA	7656	0
chr1	209792242	G	C	NA	1.839796e-03	0	7066
chr1	212897840	C	.	0.000000e+00	NA	14416	0
chr1	212897868	G	A	1.155802e-03	NA	12978	0
chr1	215675245	T	C	6.934813e-04	NA	4326	0
chr1	215675273	A	G	2.084202e-04	NA	4798	0
chr1	215675299	T	C	NA	8.336807e-04	0	4798
chr1	215786812	C	T	1.108156e-04	NA	9024	0
chr1	215786825	T	G	NA	9.975615e-04	0	9022
chr1	216046409	C	T	1.944715e-03	NA	7199	0
chr1	218441563	A	T	NA	4.255319e-04	0	11750
chr1	219391015	T	C	NA	1.793320e-03	0	8922
chr1	223005219	A	C	1.347709e-03	NA	1484	0
chr1	225290087	G	.	0.000000e+00	NA	33353	0
chr1	225290091	T	G	4.267805e-03	NA	3749	0
chr1	226881997	C	A	3.046613e-04	NA	9847	0
chr1	233312694	G	A	7.983235e-04	NA	10021	0
chr1	234373510	T	C	3.556188e-04	NA	2812	0
chr1	236895528	C	T	NA	2.898551e-03	0	1380
chr1	237377298	G	A	3.624064e-03	NA	4139	0
chr1	237591040	A	G	NA	6.832001e-04	0	14637
chr1	238275971	T	C	1.407790e-03	NA	8524	0
chr1	239718592	T	G	5.647803e-05	NA	17706	0
chr1	239718626	A	G	NA	1.920795e-03	0	17701
chr1	242643443	C	A	NA	3.797949e-03	0	2633
chr1	242643495	T	C	NA	3.799392e-03	0	2632
chr1	247424175	G	A	NA	1.579155e-03	0	20264
chr1	247424229	A	G	NA	0.000000e+00	0	20261
chr1	247448975	T	C	3.338898e-04	NA	5990	0
chr1	247448993	C	T	3.996803e-04	NA	5004	0
chr10	2364403	T	.	0.000000e+00	NA	8040	0
chr10	2364437	T	C	NA	8.726003e-04	0	6876
chr10	16937674	G	.	0.000000e+00	NA	6805	0
chr10	17071562	G	A	4.090816e-04	NA	14667	0
chr10	17151347	A	G	NA	1.401296e-03	0	5709
chr10	20831187	A	G	NA	1.535917e-03	0	16928
chr10	26068891	C	T	5.755948e-04	NA	5212	0
chr10	26068914	T	.	0.000000e+00	NA	6067	0
chr10	26174187	C	.	0.000000e+00	NA	30328	0
chr10	26174201	C	A	1.521788e-03	2.956830e-03	26942	3382
chr10	27939936	A	G	8.546302e-04	NA	36273	0
chr10	55234056	T	C	1.536885e-03	NA	3904	0
chr10	68465747	G	T	6.901311e-04	NA	7245	0
chr10	68465768	G	A	1.250782e-04	NA	7995	0
chr10	71777614	G	A	6.020470e-05	NA	16610	0
chr10	77975484	A	G	2.515091e-04	NA	7952	0
chr10	79946568	A	G	9.189641e-03	1.212758e-03	1197	24737
chr10	80273842	C	T	1.401738e-04	NA	14268	0
chr10	84797402	T	C	1.816602e-03	NA	12661	863
chr10	84797446	T	A	1.500790e-03	NA	12660	862
chr10	87961144	G	A	2.325041e-04	NA	4301	0
chr10	88705301	T	C	6.430868e-05	NA	15550	0
chr10	88705326	G	A	NA	1.800759e-03	0	15549
chr10	89225233	G	A	NA	3.400589e-03	0	4411
chr10	90921203	G	A	2.867795e-04	NA	6974	0
chr10	94032006	G	A	5.376344e-04	NA	3720	0
chr10	94032032	T	A	2.500000e-04	NA	4000	0
chr10	95412855	C	T	1.839433e-03	NA	26095	0
chr10	97759987	A	.	0.000000e+00	NA	8826	0
chr10	97759996	G	A	NA	9.340339e-04	261	8565
chr10	100994276	A	T	NA	1.681076e-03	0	4164
chr10	100994294	G	.	0.000000e+00	NA	4290	0
chr10	101023891	T	G	4.430660e-04	NA	4514	0
chr10	102504350	C	T	NA	2.426719e-03	0	15659
chr10	102504356	G	C	6.177797e-05	NA	16187	0
chr10	113582087	G	A	1.025203e-03	3.549246e-03	11705	1127
chr10	113582115	G	A	2.337723e-04	NA	12833	0
chr10	116747372	G	A	1.269680e-04	NA	15752	0
chr10	118387100	G	A	NA	2.869676e-04	0	24393
chr10	119677479	T	C	8.046131e-05	NA	37285	0
chr10	121479598	G	A	1.489977e-03	NA	57719	0
chr10	122512073	G	A	NA	0.000000e+00	0	10526
chr10	122512079	G	A	NA	1.140359e-03	0	10523
chr10	122512114	G	T	9.493971e-05	NA	10533	0
chr10	123054001	T	.	0.000000e+00	NA	4867	0
chr10	123054027	C	T	NA	2.465585e-03	0	4867
chr10	124400892	A	.	0.000000e+00	NA	5782	0
chr10	130521559	A	G	1.400756e-04	NA	7139	0
chr10	130521590	G	A	NA	1.051367e-03	0	6658
chr11	1251646	C	.	0.000000e+00	NA	3320	0
chr11	4082263	G	A	1.532215e-04	NA	13053	0
chr11	4368169	C	G	1.219087e-03	NA	5742	0
chr11	4646491	A	C	1.669170e-04	NA	5991	0
chr11	5078182	G	A	7.984351e-05	NA	25049	0
chr11	5687798	C	T	1.331052e-03	NA	5259	0
chr11	5687834	G	.	0.000000e+00	NA	5752	0
chr11	6634206	G	A	3.243068e-04	NA	12334	0
chr11	6757840	A	G	NA	1.456782e-03	0	6178
chr11	6757846	C	.	0.000000e+00	NA	7050	0
chr11	6757881	A	G	NA	1.457018e-03	0	6177
chr11	9780378	T	G	9.487666e-04	NA	14756	0
chr11	11074663	A	T	1.345171e-04	NA	14868	0
chr11	11074674	C	T	NA	5.381407e-04	0	14866
chr11	17526873	C	G	6.571166e-05	NA	15218	0
chr11	17576674	G	A	5.847953e-05	NA	17100	0
chr11	18279618	C	A	1.832509e-04	NA	10914	0
chr11	22282915	T	A	1.985309e-04	NA	5037	0
chr11	30234276	A	G	NA	3.254679e-03	0	1229
chr11	30234297	C	A	1.434823e-04	NA	13939	0
chr11	30234320	C	G	NA	3.254679e-03	0	1229
chr11	31788783	T	G	1.263264e-04	NA	7916	0
chr11	32396399	T	C	NA	1.486989e-03	0	8070
chr11	33802952	T	G	NA	1.879699e-03	0	5852
chr11	44130027	T	A	1.596169e-03	NA	22554	0
chr11	45812617	T	.	0.000000e+00	NA	4809	0
chr11	45914511	G	A	1.797268e-04	NA	5564	0
chr11	46858422	A	G	4.388715e-03	NA	3190	0
chr11	46858439	T	C	NA	4.346808e-04	0	29907
chr11	47441905	G	T	8.597713e-05	NA	11631	0
chr11	61904802	C	T	1.183712e-02	NA	2112	0
chr11	64805085	A	G	NA	5.839416e-04	0	3425
chr11	64805095	G	.	0.000000e+00	NA	3425	0
chr11	74455233	G	A	9.282178e-03	NA	1616	0
chr11	74455275	T	G	4.956629e-03	NA	1614	0
chr11	77116314	A	G	NA	6.598407e-03	71	4395
chr11	77194559	G	T	6.297229e-04	NA	3176	113
chr11	77194577	G	T	7.297051e-03	NA	3289	0
chr11	78114229	A	G	1.025918e-03	NA	18520	0
chr11	78114274	T	C	2.690583e-03	NA	2230	0
chr11	85655705	C	A	1.354280e-04	NA	7384	0
chr11	86946478	A	G	1.648610e-03	NA	4246	379
chr11	102842889	T	C	NA	1.881271e-03	0	9568
chr11	103187397	C	T	8.986928e-03	6.948197e-04	1224	12953
chr11	106042257	T	C	1.576802e-03	3.601981e-03	26002	2221
chr11	108223106	G	A	1.109981e-03	NA	10811	0
chr11	112063741	T	.	0.000000e+00	NA	8556	0
chr11	112063783	G	C	NA	5.397070e-03	0	1297
chr11	113412737	G	A	3.209243e-03	NA	10906	0
chr11	115336457	C	G	NA	5.149994e-04	0	7767
chr11	117396038	A	C	1.091363e-03	NA	6414	0
chr11	119096809	G	.	0.000000e+00	NA	12191	0
chr11	119307315	G	T	9.037506e-05	NA	11065	0
chr11	119307340	C	G	1.269531e-03	NA	10240	0
chr11	121128233	C	T	7.647959e-04	NA	16998	0
chr11	121312436	T	C	7.601095e-04	NA	13156	0
chr11	121312450	T	C	1.306848e-04	NA	15304	0
chr11	122325232	A	G	1.498801e-03	NA	6672	0
chr11	122325271	T	C	4.496403e-04	NA	6672	0
chr11	123630080	A	.	0.000000e+00	NA	7881	0
chr11	125609595	T	C	7.970668e-04	NA	12546	0
chr11	125609601	C	T	1.538462e-02	NA	1365	0
chr11	125958996	G	.	0.000000e+00	NA	8834	0
chr11	125959009	T	C	7.302824e-04	NA	8216	0
chr11	126811972	G	A	NA	6.624710e-04	0	15095
chr11	126812048	C	T	1.591829e-03	NA	15077	0
chr12	779154	G	A	NA	7.715057e-04	0	15554
chr12	884800	A	C	1.784121e-04	NA	11210	0
chr12	1793596	C	G	7.143878e-05	NA	13998	0
chr12	1793600	T	G	3.849856e-03	1.466615e-03	1039	12955
chr12	2681964	C	T	NA	9.915270e-04	0	22188
chr12	2681966	A	G	NA	1.711326e-03	0	22205
chr12	4662485	A	.	0.000000e+00	NA	12173	0
chr12	4662516	G	A	1.097594e-03	NA	10933	0
chr12	4912818	T	A	NA	8.216927e-05	0	12170
chr12	4912841	A	G	8.215577e-05	NA	12172	0
chr12	4912875	G	A	1.803349e-03	NA	11645	0
chr12	5981998	G	A	NA	5.489981e-04	264	3643
chr12	5982008	G	A	5.119017e-04	NA	3907	0
chr12	5982039	C	T	8.234971e-04	NA	3643	0
chr12	6800276	T	C	NA	4.475942e-04	0	13405
chr12	6800296	T	C	1.491869e-04	NA	13406	0
chr12	6836750	C	G	3.426463e-03	NA	3794	228
chr12	6836783	G	A	2.484472e-04	NA	4025	0
chr12	6836810	G	A	2.635741e-04	NA	3794	0
chr12	8604885	G	A	2.310030e-03	NA	8225	960
chr12	8868281	C	T	1.018537e-04	NA	9818	0
chr12	8868316	A	G	NA	2.879079e-03	0	1042
chr12	10118456	T	C	NA	7.123353e-04	0	8423
chr12	10118493	A	C	2.103934e-04	NA	9506	0
chr12	11816636	T	C	NA	1.226123e-03	0	15496
chr12	11816640	T	C	1.748354e-04	NA	17159	0
chr12	12717767	G	.	0.000000e+00	NA	16108	0
chr12	16385834	T	C	NA	5.640953e-04	0	14182
chr12	21178665	T	C	4.228330e-04	NA	7095	0
chr12	21178691	C	T	NA	2.256063e-03	744	7092
chr12	21536970	C	T	1.745810e-04	NA	17184	0
chr12	21863059	A	.	0.000000e+00	NA	6520	0
chr12	21910320	A	G	1.145607e-04	NA	8729	0
chr12	32821321	A	G	4.691972e-05	NA	21313	0
chr12	39294171	A	G	6.878525e-05	NA	14538	0
chr12	39294187	T	C	NA	3.035823e-03	0	1647
chr12	40251455	C	A	6.235386e-03	2.048341e-03	1283	7323
chr12	40368129	A	C	6.704981e-03	7.515030e-04	1044	7984
chr12	40368142	T	.	0.000000e+00	NA	9028	0
chr12	40368149	C	T	6.704981e-03	1.002004e-03	1044	7984
chr12	40469269	A	.	0.000000e+00	NA	4408	0
chr12	42459260	T	G	6.851662e-05	NA	14595	0
chr12	43788903	A	G	NA	1.025115e-03	0	1951
chr12	48921207	A	.	0.000000e+00	NA	7769	0
chr12	49957292	T	C	6.024096e-03	NA	6142	352
chr12	50986471	C	G	1.264223e-04	NA	7910	0
chr12	51346649	G	A	1.248673e-04	NA	16017	0
chr12	57782831	T	C	8.380825e-04	NA	17898	0
chr12	64482007	T	A	1.461561e-04	NA	6842	0
chr12	64482039	C	.	0.000000e+00	NA	7846	0
chr12	66348403	A	G	2.510460e-03	NA	15535	0
chr12	94093272	T	C	1.213151e-04	NA	8243	0
chr12	95993843	A	G	NA	1.119507e-03	0	3573
chr12	101685646	G	.	0.000000e+00	NA	14259	0
chr12	102400737	G	A	NA	2.961672e-03	0	5740
chr12	102400746	C	.	0.000000e+00	NA	6687	0
chr12	105934476	T	C	2.318393e-03	NA	1294	0
chr12	109555799	A	C	1.397819e-04	NA	7154	0
chr12	114355435	C	T	1.744389e-03	NA	8599	826
chr12	114671418	C	G	NA	2.017033e-03	265	4462
chr12	114671442	T	G	6.345178e-04	NA	4728	0
chr12	115612110	T	G	1.275149e-03	NA	35290	0
chr12	115612119	C	T	1.731302e-03	NA	2888	0
chr12	118068515	C	A	6.239860e-05	NA	16026	0
chr12	119194502	A	G	2.273244e-03	1.672241e-03	4399	46046
chr12	121001630	G	A	6.911646e-04	NA	8681	0
chr12	121001636	G	C	1.130710e-04	NA	8844	0
chr12	121858862	C	.	0.000000e+00	NA	10644	0
chr12	129906479	C	A	NA	8.522727e-04	0	10560
chr12	130277182	A	C	6.873325e-05	NA	14549	0
chr12	132625629	G	A	NA	1.526252e-03	0	3276
chr12	132625647	G	.	0.000000e+00	NA	3277	0
chr13	20188817	A	G	NA	1.099808e-03	274	3637
chr13	20188831	G	.	0.000000e+00	NA	3911	0
chr13	21623771	T	C	6.631300e-03	NA	1508	0
chr13	21623804	C	.	0.000000e+00	NA	18780	0
chr13	23196991	A	G	NA	6.069803e-03	0	1318
chr13	23197057	T	C	NA	5.319149e-03	0	1316
chr13	23411252	T	C	1.322926e-03	NA	7559	0
chr13	23411284	C	A	1.208897e-04	NA	8272	0
chr13	27623278	G	.	0.000000e+00	NA	4922	0
chr13	32319654	A	G	6.238859e-03	1.209113e-03	2244	15714
chr13	39751173	C	T	2.688172e-03	NA	3720	0
chr13	53610102	A	G	1.944361e-03	NA	20058	0
chr13	53928403	T	C	8.699435e-05	NA	11495	0
chr13	53928411	T	C	1.610306e-03	1.170389e-03	1242	10253
chr13	72580085	G	A	1.432921e-03	NA	27915	0
chr13	77901178	T	C	2.731885e-03	NA	7687	0
chr13	77901190	T	G	1.182452e-04	NA	8457	0
chr13	83882600	T	C	5.068103e-03	NA	3157	0
chr13	93226778	A	G	9.319664e-04	NA	1073	0
chr13	99385979	A	G	NA	4.455761e-03	0	1571
chr13	99386017	A	T	NA	4.464286e-03	0	1568
chr13	100368475	G	.	0.000000e+00	NA	7792	0
chr13	101143071	A	G	NA	1.355287e-03	0	34679
chr13	102875950	A	G	1.169180e-04	NA	8553	0
chr13	102875987	G	A	6.562541e-04	NA	7619	934
chr13	109886176	C	T	NA	2.583979e-03	0	3870
chr13	110167239	G	A	NA	1.509434e-03	0	1325
chr13	110211871	G	.	0.000000e+00	NA	5369	0
chr13	110478172	C	T	NA	2.439024e-03	0	17220
chr13	110646045	A	G	8.627755e-04	NA	23181	0
chr13	113147423	C	T	1.310452e-03	NA	16025	580
chr14	21786819	A	G	NA	2.526685e-03	0	19393
chr14	21786874	G	A	NA	1.804961e-03	0	19391
chr14	24081045	C	T	4.098921e-04	NA	7319	0
chr14	25381626	T	A	NA	1.927525e-03	0	2594
chr14	31860865	A	G	NA	1.302677e-03	0	15353
chr14	31860874	G	A	NA	1.237301e-03	0	15356
chr14	31860900	A	G	5.501458e-05	NA	18177	0
chr14	34711437	T	C	3.731343e-04	NA	2680	0
chr14	36517062	T	.	0.000000e+00	NA	1998	0
chr14	36517068	A	T	NA	1.414027e-02	0	1768
chr14	36657839	C	G	1.112656e-03	NA	10785	0
chr14	36657875	G	.	0.000000e+00	NA	11055	0
chr14	50150160	G	A	NA	7.589557e-04	0	19764
chr14	50265324	G	A	2.548853e-03	NA	2354	0
chr14	52750005	G	C	1.155402e-03	6.671609e-03	8655	1349
chr14	52750013	A	G	9.995002e-05	NA	10005	0
chr14	54639329	G	T	9.054144e-05	NA	33134	0
chr14	55466201	C	A	NA	1.094757e-03	0	16442
chr14	56005997	T	C	NA	5.733006e-03	0	1221
chr14	56006020	G	C	NA	5.733006e-03	0	1221
chr14	64225747	T	C	9.194557e-04	NA	5438	0
chr14	64225781	C	.	0.000000e+00	NA	6090	0
chr14	66681095	A	C	1.506251e-04	NA	6639	0
chr14	73198145	G	T	NA	3.982477e-03	0	2511
chr14	75579019	T	C	1.491994e-03	NA	27480	0
chr14	76501364	T	C	NA	7.753352e-04	554	21926
chr14	77276318	C	T	3.089042e-04	NA	25898	714
chr14	81096654	T	C	1.778027e-03	NA	21372	0
chr14	87933107	T	.	0.000000e+00	NA	7524	0
chr14	87933144	A	C	NA	1.329257e-04	0	7523
chr14	88396224	A	G	1.568627e-04	NA	12750	0
chr14	89256656	C	G	4.581692e-05	NA	21826	0
chr14	89256676	C	T	1.106362e-03	NA	19885	0
chr14	91297275	C	A	1.395479e-04	NA	7166	0
chr14	91297293	C	T	4.305396e-04	NA	6968	197
chr14	92083242	G	A	1.670937e-03	NA	8977	0
chr14	98379194	C	T	9.370817e-03	3.457815e-04	1494	11568
chr15	22825362	A	G	3.552145e-05	NA	28152	0
chr15	22825366	C	G	NA	1.136929e-03	0	28146
chr15	24326649	T	C	NA	1.358528e-03	0	8097
chr15	27851307	A	G	1.999125e-03	NA	16007	0
chr15	34230478	C	T	NA	8.247801e-04	0	21824
chr15	34789373	C	T	NA	1.649431e-03	0	38195
chr15	36654102	C	G	5.993691e-03	1.548168e-03	3170	34234
chr15	39021164	C	.	0.000000e+00	NA	7976	0
chr15	40035089	A	G	NA	8.822003e-03	0	1927
chr15	40035100	G	A	NA	8.817427e-03	0	1928
chr15	43253530	G	A	9.586992e-04	3.903201e-03	26077	1281
chr15	48247380	C	G	1.101079e-04	NA	9082	0
chr15	48410676	G	A	NA	1.433692e-03	0	1395
chr15	48752334	A	G	1.551590e-03	NA	16757	0
chr15	48752341	C	G	1.673360e-03	NA	14940	0
chr15	50912165	C	.	0.000000e+00	NA	14615	0
chr15	50912167	G	A	1.047120e-03	NA	13370	0
chr15	51236915	T	C	1.009184e-03	8.136697e-04	9909	1229
chr15	52319288	G	.	0.000000e+00	NA	15665	0
chr15	53324712	C	T	NA	3.595829e-04	0	2781
chr15	53324718	G	.	0.000000e+00	NA	2782	0
chr15	53515990	T	C	9.699321e-04	NA	11341	0
chr15	54918507	C	T	NA	2.849815e-03	0	3509
chr15	57843751	T	G	NA	2.439024e-03	0	1640
chr15	57843787	T	C	5.648441e-05	NA	17704	0
chr15	57843817	G	A	NA	2.439024e-03	0	1640
chr15	74179858	C	T	NA	5.459012e-04	0	10991
chr15	84868461	C	T	2.054381e-02	1.946055e-03	1655	25693
chr15	88949447	C	T	9.026085e-05	NA	11079	0
chr15	88949461	G	A	NA	1.083619e-03	0	11074
chr15	98221618	T	C	NA	4.960071e-05	0	20161
chr15	98221629	A	G	NA	9.923096e-05	0	20155
chr15	98913024	T	C	NA	1.565043e-03	0	15974
chr15	98961442	C	T	NA	1.432152e-03	0	11172
chr15	98961471	T	.	0.000000e+00	NA	11563	0
chr15	99180454	A	G	2.006406e-03	NA	85227	0
chr15	99974409	T	C	NA	7.531255e-04	0	13278
chr15	99974429	C	.	0.000000e+00	NA	13279	0
chr15	100048851	T	C	NA	8.397135e-04	589	20245
chr15	100281371	G	A	1.643741e-03	NA	11559	0
chr15	100281397	C	.	0.000000e+00	NA	11952	0
chr16	1607283	C	G	NA	2.205072e-03	0	5442
chr16	1607349	A	T	NA	2.763449e-03	0	5428
chr16	5082635	C	T	NA	4.642917e-03	0	11846
chr16	5818699	A	G	NA	1.083323e-03	0	32308
chr16	5818728	G	C	NA	8.976383e-04	0	32307
chr16	5818742	G	A	1.224990e-03	NA	2449	0
chr16	7470252	C	G	7.559722e-04	NA	6614	0
chr16	8746097	A	G	1.309360e-03	3.379416e-03	31313	3255
chr16	9760532	C	G	1.869858e-03	NA	5348	0
chr16	9760568	C	.	0.000000e+00	NA	6101	0
chr16	10538088	G	A	9.621938e-04	NA	24943	0
chr16	10538128	T	C	NA	4.178061e-04	0	26328
chr16	21067372	T	G	NA	4.117260e-04	0	12144
chr16	21719110	T	.	0.000000e+00	NA	7128	0
chr16	21719128	C	T	NA	6.080876e-04	0	6578
chr16	25657581	G	A	3.202196e-03	NA	2186	0
chr16	56338549	T	C	1.612408e-03	NA	13024	0
chr16	56884041	T	C	NA	2.156766e-03	0	16228
chr16	56884071	C	A	6.570695e-04	NA	16741	0
chr16	57916153	G	A	NA	7.674597e-04	0	1303
chr16	57916190	G	T	4.488935e-05	NA	22277	0
chr16	57940336	G	A	6.517360e-03	NA	8439	0
chr16	68687612	C	G	9.125753e-05	NA	10958	0
chr16	68687630	G	C	2.079651e-03	2.240478e-03	9617	1339
chr16	75474275	A	G	NA	1.002946e-03	0	15953
chr16	75474336	A	G	1.065630e-03	NA	15953	0
chr16	75962058	A	G	6.238303e-04	NA	1603	0
chr16	77983180	A	G	NA	0.000000e+00	0	12341
chr16	77983182	G	.	0.000000e+00	NA	12344	0
chr16	80072464	C	A	NA	6.236500e-04	0	65742
chr16	81937742	T	C	2.519380e-03	NA	10320	0
chr16	81937783	A	G	9.688984e-05	NA	10321	0
chr16	83032059	G	A	1.986943e-03	1.804045e-03	3523	39356
chr16	84041975	C	A	1.443974e-04	NA	20776	0
chr16	89600929	T	C	8.896797e-04	NA	1124	0
chr16	89600953	C	.	0.000000e+00	NA	1184	0
chr17	3513225	C	A	6.112469e-05	NA	16360	0
chr17	3662921	A	.	0.000000e+00	NA	1575	0
chr17	3662938	C	T	NA	2.650762e-03	0	1509
chr17	4953057	T	C	5.873140e-04	NA	5108	0
chr17	5803303	A	G	2.736278e-04	NA	18273	0
chr17	5803333	A	G	3.489184e-04	NA	20062	0
chr17	6428512	G	A	7.866414e-04	NA	27967	0
chr17	6908179	A	G	4.105090e-04	NA	7308	0
chr17	6908210	G	A	6.098491e-04	NA	6559	749
chr17	7456791	T	C	NA	1.541426e-03	0	7785
chr17	7770610	C	G	1.376869e-03	NA	20336	0
chr17	7819047	C	T	2.575181e-04	NA	34949	870
chr17	10680375	A	C	9.772305e-05	NA	10233	0
chr17	10680397	G	C	NA	7.424692e-04	0	9428
chr17	11608140	C	T	1.718368e-03	NA	11057	0
chr17	11608162	C	A	1.709840e-04	NA	11697	0
chr17	11854239	C	G	1.758087e-03	NA	2844	0
chr17	13560870	T	C	NA	1.464129e-03	0	20490
chr17	14077033	G	A	9.522514e-04	NA	7351	0
chr17	14077054	C	T	1.213592e-04	NA	8240	0
chr17	14102122	G	A	1.148994e-03	NA	85292	0
chr17	15230858	T	G	NA	3.295979e-03	0	4551
chr17	17218972	C	T	NA	0.000000e+00	0	22244
chr17	17218981	C	T	4.494584e-05	NA	22249	0
chr17	31159134	G	A	NA	2.804066e-03	0	2853
chr17	31327822	T	.	0.000000e+00	NA	8450	0
chr17	31327858	T	A	1.388503e-04	7.228916e-03	7202	1245
chr17	40635264	T	.	0.000000e+00	NA	3740	0
chr17	41097544	C	.	0.000000e+00	NA	10366	0
chr17	42913514	A	T	7.250129e-04	NA	9655	753
chr17	42913521	T	A	6.213753e-04	NA	9656	755
chr17	42913561	G	T	4.802613e-04	NA	10411	0
chr17	43134831	C	.	0.000000e+00	NA	10833	0
chr17	43189965	G	A	5.441585e-05	NA	18377	0
chr17	43614158	G	A	NA	4.132231e-03	0	1210
chr17	44250123	C	T	0.000000e+00	NA	2595	0
chr17	44250146	T	.	0.000000e+00	NA	2748	0
chr17	44372421	G	A	1.666667e-03	NA	2400	0
chr17	44372439	G	.	0.000000e+00	NA	2627	0
chr17	46923181	G	C	NA	1.074345e-04	0	9308
chr17	47290971	A	C	1.213860e-03	NA	9062	0
chr17	48433335	A	G	1.866727e-03	NA	17678	0
chr17	49995062	G	A	NA	1.150937e-03	0	6082
chr17	58415418	T	A	2.890173e-04	NA	3460	0
chr17	61467502	G	A	6.514658e-04	NA	6140	0
chr17	61467527	C	G	3.118179e-04	NA	6414	0
chr17	61679782	A	C	NA	1.588878e-03	0	5035
chr17	61679808	T	A	3.377036e-03	NA	5034	0
chr17	65528964	A	T	5.080362e-04	NA	21652	922
chr17	68532637	C	G	NA	4.436557e-03	0	2254
chr17	70177590	A	G	4.347826e-03	7.487453e-04	4140	49416
chr17	74916174	C	G	9.878495e-05	NA	10123	0
chr17	76470931	G	.	0.000000e+00	NA	1198	0
chr17	77774144	T	C	NA	2.782931e-03	0	5390
chr17	77774182	G	.	0.000000e+00	NA	5640	0
chr17	78486350	A	G	8.987576e-04	NA	18915	0
chr17	78486358	G	T	5.134261e-05	NA	19477	0
chr17	78560729	C	T	1.044837e-03	NA	66039	0
chr17	79472382	G	A	5.409499e-05	NA	18486	0
chr17	82504059	C	T	0.000000e+00	NA	4813	0
chr17	82504092	G	C	7.776050e-04	NA	5144	0
chr17	82568263	A	G	1.474351e-03	8.729192e-03	92244	4926
chr18	1127985	C	A	1.650846e-03	3.508772e-03	9692	1425
chr18	1128019	G	.	0.000000e+00	NA	11124	0
chr18	2740716	A	G	NA	8.431703e-04	0	5930
chr18	2740753	A	.	0.000000e+00	NA	6719	0
chr18	3067280	A	G	1.262019e-02	NA	1664	0
chr18	3215250	A	G	5.177055e-05	NA	19316	0
chr18	4237534	A	T	NA	5.080932e-04	0	68885
chr18	4237574	C	T	NA	1.451737e-03	0	68883
chr18	9749882	G	A	5.998800e-04	NA	1667	0
chr18	12359921	G	A	NA	7.959068e-04	0	8795
chr18	13883940	C	T	NA	5.558987e-03	0	6476
chr18	13884010	G	A	NA	4.941322e-03	0	6476
chr18	23533358	T	G	1.133209e-04	NA	17649	0
chr18	25498116	C	A	7.504690e-04	NA	5330	0
chr18	25498122	T	G	1.650437e-04	NA	6059	0
chr18	26831149	G	A	NA	3.658131e-03	0	3007
chr18	26831201	A	T	3.989362e-03	NA	3008	0
chr18	31413220	A	G	NA	1.033283e-03	0	18388
chr18	31731093	T	C	1.321675e-03	NA	9836	0
chr18	36690353	A	G	NA	1.640202e-03	0	42068
chr18	45739554	G	A	1.184366e-03	NA	2533	0
chr18	45917740	C	A	7.657554e-05	NA	13059	0
chr18	45917745	A	G	1.990380e-03	NA	12058	0
chr18	46529070	T	C	NA	4.229323e-03	0	2128
chr18	46529152	G	A	NA	5.137786e-03	0	2141
chr18	49844644	C	G	1.067972e-03	NA	60863	0
chr18	51084406	C	G	2.272340e-04	NA	70412	0
chr18	51084461	A	C	1.639840e-03	6.998547e-03	62811	7573
chr18	55228329	T	G	1.268714e-04	NA	7882	0
chr18	57558545	T	C	7.246377e-03	NA	1242	0
chr18	57697598	G	A	NA	4.712185e-04	0	40321
chr18	57697620	A	G	NA	4.435377e-05	0	45092
chr18	59328143	C	A	3.452681e-05	NA	57926	0
chr18	59469637	A	G	3.680530e-03	NA	5434	0
chr18	59469670	C	A	3.679176e-03	NA	5436	0
chr18	62147035	G	A	NA	3.531489e-03	0	1699
chr18	62147091	G	C	NA	7.252683e-05	0	13788
chr18	62359893	T	C	9.696970e-05	NA	20625	0
chr18	77720435	G	.	0.000000e+00	NA	7097	0
chr19	1175397	A	G	NA	2.947178e-03	0	4411
chr19	1175417	T	G	2.096876e-04	NA	4769	0
chr19	2433858	T	C	4.498426e-04	NA	2223	0
chr19	2433892	A	G	7.349564e-03	NA	2177	0
chr19	3119211	G	.	0.000000e+00	NA	2092	0
chr19	3925415	C	T	NA	2.140204e-03	0	24764
chr19	6495725	A	G	1.380349e-03	NA	7969	254
chr19	6495762	A	G	9.725261e-04	NA	8226	0
chr19	6677978	G	A	NA	1.212476e-03	0	23918
chr19	10154572	T	C	NA	3.250623e-04	0	9229
chr19	10772450	C	G	1.430250e-03	NA	19577	0
chr19	11252433	A	C	1.396453e-04	NA	7161	0
chr19	11252470	A	T	NA	8.384572e-04	0	7156
chr19	13919876	T	C	6.584207e-04	NA	21263	0
chr19	15184308	A	G	1.537279e-04	NA	6505	0
chr19	17830485	T	C	NA	1.243953e-03	232	7235
chr19	27972429	G	A	NA	1.135638e-03	0	14089
chr19	29701692	G	T	2.109705e-03	2.392624e-03	1422	17136
chr19	29701698	T	G	4.613610e-05	NA	21675	0
chr19	30810943	T	C	2.914390e-04	NA	13725	0
chr19	32869746	A	T	6.074412e-03	NA	1317	0
chr19	39069167	A	C	NA	1.440974e-03	0	27759
chr19	39069170	C	T	2.881325e-04	NA	27765	0
chr19	40705168	G	C	9.197094e-05	NA	10873	0
chr19	44949408	G	.	0.000000e+00	NA	16341	0
chr19	45353210	G	C	NA	1.409940e-03	0	2837
chr19	45353242	C	.	0.000000e+00	NA	2897	0
chr19	46839440	A	C	3.319109e-03	NA	6327	0
chr19	46839460	C	T	NA	9.472687e-04	0	6334
chr19	46839470	C	A	1.565435e-04	NA	6388	0
chr19	48165538	G	A	NA	9.365050e-04	0	5339
chr19	48165575	C	T	5.272408e-04	NA	5690	0
chr19	49908960	C	G	NA	1.536613e-02	0	19979
chr19	50268352	G	A	NA	1.609395e-03	831	22990
chr19	53824186	G	A	1.003009e-03	NA	9970	0
chr2	114974	C	T	NA	1.294080e-03	543	6182
chr2	115035	C	T	NA	4.461630e-04	0	6724
chr2	1542555	C	G	NA	1.333481e-03	0	17998
chr2	10054360	T	C	NA	6.575162e-04	0	12167
chr2	11193868	T	G	NA	2.544529e-03	0	3144
chr2	11825415	A	G	1.223591e-03	1.840491e-03	12259	1630
chr2	19935522	T	C	NA	5.221932e-04	0	1915
chr2	32250040	G	A	NA	1.478495e-03	0	14880
chr2	41608255	A	C	1.245175e-04	NA	8031	0
chr2	41608291	T	C	NA	1.677852e-03	0	1192
chr2	44304345	C	T	6.721936e-04	NA	4463	0
chr2	45014477	C	G	NA	1.695634e-03	0	4718
chr2	45014514	G	A	2.003205e-04	NA	4992	0
chr2	47429691	T	.	0.000000e+00	NA	2526	0
chr2	47803676	T	C	2.043819e-04	NA	24464	0
chr2	47803699	A	T	3.590664e-03	1.349467e-03	2228	22231
chr2	49154429	C	A	1.017915e-04	NA	9824	0
chr2	50465422	A	G	3.718578e-03	NA	6723	0
chr2	59785667	G	A	1.322085e-03	4.768392e-03	31768	4404
chr2	61050939	A	G	2.671246e-03	NA	5241	0
chr2	69320075	T	C	3.930818e-05	NA	25440	0
chr2	69320104	G	C	2.203404e-03	NA	23146	0
chr2	70777360	T	C	NA	1.982678e-03	0	9583
chr2	70777362	A	T	NA	1.879503e-03	0	9577
chr2	70935953	C	A	2.107482e-04	NA	4745	0
chr2	77436092	G	A	NA	9.998750e-04	0	8001
chr2	77436129	C	A	1.065984e-04	NA	9381	0
chr2	77436138	C	T	NA	7.499063e-04	0	8001
chr2	85542588	C	G	6.776789e-04	NA	23610	0
chr2	99162668	T	C	NA	6.273223e-04	0	20723
chr2	105361445	A	G	2.747441e-04	NA	14559	0
chr2	105361446	G	C	NA	6.070263e-04	0	13179
chr2	110161744	C	T	NA	9.242921e-04	0	11901
chr2	120991473	A	.	0.000000e+00	NA	5834	0
chr2	124447820	G	T	5.603183e-05	NA	17847	0
chr2	127063889	C	T	0.000000e+00	NA	5996	0
chr2	127063923	T	C	1.167056e-03	NA	5998	0
chr2	127063957	T	C	0.000000e+00	NA	5997	0
chr2	151518276	A	G	1.407790e-03	NA	6393	0
chr2	151518286	G	A	NA	1.410216e-03	0	6382
chr2	151518300	C	.	0.000000e+00	NA	6393	0
chr2	151835315	C	G	2.641108e-03	3.750335e-03	23475	3733
chr2	151835329	C	.	0.000000e+00	NA	27212	0
chr2	162272348	G	.	0.000000e+00	NA	10857	0
chr2	165323140	C	T	2.853881e-03	NA	1752	0
chr2	165391514	A	.	0.000000e+00	NA	5756	0
chr2	165748500	A	T	2.380952e-03	NA	1260	0
chr2	166280609	G	A	NA	7.897647e-04	0	6331
chr2	166280610	C	T	7.896399e-04	NA	6332	0
chr2	166280642	C	.	0.000000e+00	NA	7305	0
chr2	168301463	G	A	NA	2.021773e-03	0	6430
chr2	168973789	C	A	2.910361e-05	NA	34360	0
chr2	168973818	A	G	NA	5.263851e-04	0	30396
chr2	169242936	T	G	2.341137e-03	NA	2990	0
chr2	170822105	G	A	1.588815e-04	NA	6294	0
chr2	170822115	T	C	2.475248e-03	NA	6060	0
chr2	172487375	C	T	4.158869e-03	NA	4809	0
chr2	172487429	A	T	NA	5.199667e-03	0	4808
chr2	174812294	C	T	1.013300e-03	NA	7895	677
chr2	177541753	C	T	6.379585e-03	NA	2508	0
chr2	177541767	A	G	4.753078e-05	NA	21039	0
chr2	178566270	G	A	NA	0.000000e+00	0	1190
chr2	178714003	G	A	2.218700e-02	NA	1262	0
chr2	181548511	C	T	4.357298e-04	NA	4590	0
chr2	181548543	A	G	1.947040e-04	NA	5136	0
chr2	189036569	G	A	NA	7.253385e-03	0	2068
chr2	189036570	T	.	0.000000e+00	NA	2354	0
chr2	190319776	G	T	9.385265e-05	NA	10655	0
chr2	190319798	C	T	7.123232e-04	NA	9827	0
chr2	201636724	C	.	0.000000e+00	NA	9499	0
chr2	201733390	C	T	2.908386e-03	NA	2063	0
chr2	209240481	A	C	7.064868e-03	NA	1557	0
chr2	210477778	G	A	NA	2.230010e-03	0	3139
chr2	210650334	A	T	1.940720e-03	3.140704e-03	11336	1592
chr2	214767431	T	C	7.812500e-03	9.599232e-04	1536	16668
chr2	214767437	A	C	5.492695e-05	NA	18206	0
chr2	214767468	G	A	7.807417e-03	1.859740e-03	1537	16669
chr2	224470878	A	G	9.165903e-04	NA	3273	547
chr2	227238071	A	G	8.275774e-04	NA	31417	0
chr2	227270897	A	G	1.175088e-03	NA	13616	0
chr2	227270915	C	T	1.340483e-03	1.649757e-03	1492	12123
chr2	227314637	T	.	0.000000e+00	NA	1934	0
chr2	227718030	G	A	6.486954e-04	NA	13874	0
chr2	229680941	T	C	2.360718e-03	1.587380e-03	2118	20159
chr2	232768750	G	A	1.422850e-03	4.189359e-03	37952	4774
chr2	237324109	C	A	NA	3.275824e-03	0	9158
chr2	237324145	A	G	1.578532e-04	NA	12670	0
chr2	237324168	T	A	NA	2.446338e-03	0	12672
chr2	239957668	C	T	2.968617e-03	NA	21222	0
chr2	240007386	A	G	2.416626e-04	NA	4138	0
chr20	2432479	C	T	4.369993e-03	NA	1373	0
chr20	2432480	C	T	NA	1.183012e-04	0	16906
chr20	2663761	C	G	NA	8.809020e-04	0	5676
chr20	3231032	C	.	0.000000e+00	NA	1303	0
chr20	4466820	T	C	6.611133e-05	NA	15126	0
chr20	5302730	G	A	NA	1.051822e-03	0	24719
chr20	6123401	C	G	3.034901e-03	NA	1977	0
chr20	6123421	C	T	NA	2.025316e-03	0	1975
chr20	8774596	T	C	NA	5.211823e-04	0	13431
chr20	8884359	C	T	1.193724e-03	NA	11728	0
chr20	9307873	G	T	5.171700e-05	NA	19336	0
chr20	9307875	G	A	9.685816e-04	1.071429e-03	16519	2800
chr20	9973640	G	A	NA	7.944074e-04	0	6294
chr20	15144287	G	C	NA	6.531679e-04	0	10717
chr20	15144324	T	G	1.161055e-03	NA	12058	0
chr20	15144354	C	T	NA	2.332525e-03	0	10718
chr20	16260787	G	C	3.008424e-04	NA	3324	0
chr20	17494572	C	T	3.663004e-03	NA	1365	0
chr20	17988243	T	G	4.684938e-04	NA	12807	0
chr20	17988280	T	C	NA	2.742230e-03	0	1094
chr20	18548557	C	.	0.000000e+00	NA	11743	0
chr20	18680649	A	G	NA	3.899326e-03	0	2821
chr20	23036380	T	C	2.102067e-03	NA	17126	425
chr20	23036445	T	C	1.343066e-03	NA	17125	425
chr20	34945933	A	C	1.803969e-03	NA	1663	0
chr20	38304256	G	T	4.796163e-04	NA	10425	0
chr20	38304258	C	T	NA	1.202043e-03	0	9983
chr20	38304274	G	C	NA	1.101432e-03	0	9987
chr20	39060585	T	C	1.440230e-03	NA	14581	0
chr20	39060592	G	C	1.276406e-04	NA	15669	0
chr20	39060616	A	G	1.577287e-03	NA	14582	0
chr20	44430787	T	A	4.552226e-04	NA	24164	0
chr20	44430797	C	T	NA	3.709592e-03	0	1887
chr20	58449449	T	.	0.000000e+00	NA	10207	0
chr20	58449485	T	C	4.251701e-03	1.661130e-03	1176	9030
chr20	58669437	G	A	1.531042e-03	NA	13063	0
chr21	14248477	T	C	6.537657e-04	NA	15296	0
chr21	15313245	G	T	6.123324e-05	NA	16331	0
chr21	15313279	A	G	NA	2.169197e-03	0	1844
chr21	22455122	A	G	2.934272e-04	NA	6816	0
chr21	26651051	T	C	1.484708e-03	1.558846e-03	20206	2566
chr21	27235817	T	A	2.199252e-04	NA	9094	0
chr21	27235844	A	G	NA	1.351683e-03	0	8138
chr21	28307368	A	G	1.608363e-03	NA	9948	0
chr21	32210374	T	.	0.000000e+00	NA	2216	0
chr21	32210410	G	A	NA	1.536885e-03	0	1952
chr21	33262503	C	T	NA	2.406449e-04	0	16622
chr21	33262537	T	G	1.203008e-04	NA	16625	0
chr21	33262573	G	A	NA	1.323706e-03	0	16620
chr21	35074300	G	C	6.282723e-03	NA	1910	0
chr21	35721742	C	T	NA	4.524887e-03	0	9724
chr21	36751602	C	.	0.000000e+00	NA	4126	0
chr21	36930469	C	T	NA	1.528273e-03	0	5889
chr21	36930479	C	A	4.339650e-04	NA	6913	0
chr21	42186878	C	G	7.297140e-05	NA	13704	0
chr21	42186887	T	C	NA	2.260856e-03	0	12827
chr21	46287136	T	A	3.862495e-04	NA	7767	0
chr21	46287140	C	T	8.517888e-04	NA	1174	0
chr21	46287145	T	C	4.109308e-04	NA	9734	0
chr21	46436193	C	A	1.040944e-03	NA	8646	469
chr21	46436226	G	.	0.000000e+00	NA	9117	0
chr21	46543702	T	C	2.656748e-04	NA	7528	0
chr22	16929483	A	G	NA	1.173871e-03	0	14482
chr22	16929501	A	.	0.000000e+00	NA	15728	0
chr22	17115288	T	C	NA	2.869299e-03	0	10107
chr22	18088242	G	A	3.128177e-04	NA	12787	0
chr22	18088276	G	T	7.423905e-05	NA	13470	0
chr22	25201364	T	C	1.363529e-03	NA	16868	522
chr22	25231615	A	G	2.063558e-04	NA	9692	0
chr22	26464304	C	A	1.366307e-04	NA	7319	0
chr22	27420856	C	A	3.045995e-04	NA	13132	0
chr22	32110907	T	C	2.712232e-04	NA	7374	0
chr22	32479203	G	A	1.043375e-03	6.082725e-04	20127	1644
chr22	33163522	T	A	NA	3.785011e-03	0	2642
chr22	36282407	C	G	NA	6.417661e-04	0	7791
chr22	36282430	C	A	NA	8.985879e-04	0	7790
chr22	38782665	T	C	1.004319e-03	NA	9957	0
chr22	38782696	A	G	NA	7.030230e-04	0	9957
chr22	39958977	T	G	4.938272e-04	NA	10125	0
chr22	47966571	T	A	7.987220e-05	NA	12520	0
chr22	50085857	G	.	0.000000e+00	NA	4406	0
chr3	920083	A	.	0.000000e+00	NA	7338	0
chr3	920099	A	T	NA	6.831534e-04	0	7319
chr3	4670720	G	.	0.000000e+00	NA	13109	0
chr3	10557507	C	T	6.878009e-04	3.498542e-03	15993	1715
chr3	10557509	G	T	5.081875e-04	NA	17710	0
chr3	15451279	T	A	3.616637e-03	8.641893e-04	2212	30086
chr3	15451300	G	A	3.616637e-03	1.030380e-03	2212	30086
chr3	24117896	A	G	NA	3.551136e-03	0	1408
chr3	24117932	T	A	2.504801e-04	NA	11977	0
chr3	33143886	A	G	1.459321e-03	NA	8223	0
chr3	34495687	T	C	4.298764e-03	NA	1861	0
chr3	38489742	A	G	2.691307e-04	NA	11147	0
chr3	38760760	A	G	NA	2.132394e-03	0	10786
chr3	38885421	C	G	NA	1.436031e-03	0	15320
chr3	45919348	A	C	1.057306e-04	NA	9458	0
chr3	48587800	C	T	4.051864e-04	NA	2468	0
chr3	55465753	T	C	1.939141e-03	NA	6704	0
chr3	57458109	A	G	1.501163e-04	NA	13323	0
chr3	59484623	G	A	5.815982e-05	NA	17194	0
chr3	63996406	G	A	1.200904e-03	4.013761e-03	28312	1744
chr3	67360742	A	G	9.209517e-04	NA	13030	0
chr3	77040227	G	.	0.000000e+00	NA	4372	0
chr3	77647239	T	.	0.000000e+00	NA	5515	0
chr3	79378320	A	T	NA	1.027749e-03	0	2919
chr3	81648975	G	.	0.000000e+00	NA	9296	0
chr3	82666229	T	.	0.000000e+00	NA	9004	0
chr3	93874275	T	C	NA	7.378259e-04	0	16264
chr3	98579748	C	.	0.000000e+00	NA	5059	0
chr3	98579756	C	T	4.690432e-04	NA	4264	769
chr3	101222881	T	G	5.783690e-04	NA	1729	0
chr3	110717340	A	C	NA	2.890173e-03	0	1384
chr3	111542128	C	T	NA	4.600345e-03	0	1739
chr3	114086132	G	A	1.108214e-03	NA	15340	0
chr3	114086159	T	.	0.000000e+00	NA	17506	0
chr3	117611869	G	A	4.891684e-03	NA	1431	0
chr3	119409781	A	G	1.355014e-03	NA	8856	0
chr3	119409787	T	C	1.354708e-03	NA	8858	0
chr3	122286389	T	C	NA	2.244266e-03	0	22279
chr3	123876576	A	.	0.000000e+00	NA	4663	0
chr3	124748400	C	A	2.422984e-03	NA	2889	0
chr3	126483436	A	C	1.536570e-04	NA	6508	0
chr3	128909156	T	C	0.000000e+00	NA	45703	0
chr3	132722399	G	.	0.000000e+00	NA	4231	0
chr3	133755485	G	T	4.279906e-05	NA	23365	0
chr3	134559428	C	T	1.245965e-03	NA	17657	0
chr3	146070718	T	C	7.955449e-05	NA	12570	0
chr3	148741608	C	T	NA	6.966214e-04	0	8613
chr3	149155200	G	A	8.304115e-04	NA	10838	0
chr3	155854340	C	T	9.109908e-04	2.025658e-03	18661	1481
chr3	158644693	C	G	1.278282e-04	NA	7823	0
chr3	177548900	A	C	6.180947e-04	NA	12943	0
chr3	177548937	T	C	7.725587e-05	NA	12944	0
chr3	177548962	G	A	1.576044e-03	NA	1269	0
chr3	179419463	T	.	0.000000e+00	NA	12599	0
chr3	179419485	A	G	3.427005e-03	9.875213e-04	1459	11139
chr3	182733539	T	C	NA	3.823048e-03	0	1831
chr3	182733561	A	C	5.046682e-05	NA	19815	0
chr3	183037421	T	G	1.992826e-04	NA	10036	0
chr3	184376418	G	A	2.421308e-03	NA	4956	0
chr3	189886377	C	T	6.223550e-04	NA	8034	0
chr3	191088326	C	T	2.162422e-03	NA	8324	0
chr3	191380177	T	C	NA	1.685505e-03	0	10086
chr3	193489591	T	C	1.212856e-03	NA	1649	0
chr3	193695943	A	G	NA	2.503338e-04	0	11984
chr3	193695956	T	G	8.342371e-05	NA	11987	0
chr4	670149	C	A	9.469697e-04	NA	2112	0
chr4	2839481	A	.	0.000000e+00	NA	1734	0
chr4	8104522	G	A	1.893641e-03	NA	19011	531
chr4	14458752	A	C	1.194743e-04	NA	8370	0
chr4	14458759	A	G	NA	5.224660e-04	712	7656
chr4	15601446	G	C	1.231527e-03	NA	5684	0
chr4	15601447	T	.	0.000000e+00	NA	6188	0
chr4	15968315	T	C	NA	2.609263e-03	0	4599
chr4	39285718	C	A	1.855632e-04	NA	5389	0
chr4	39471186	A	C	1.248751e-04	NA	8008	0
chr4	46327673	C	T	3.338898e-04	NA	2995	0
chr4	54495248	T	C	8.355615e-05	NA	11968	0
chr4	55371160	G	A	NA	1.013749e-03	0	15783
chr4	55425312	C	T	NA	1.936541e-03	0	13426
chr4	55425361	T	C	NA	1.860534e-03	0	13437
chr4	56502641	C	T	4.493120e-03	NA	3561	0
chr4	58088675	T	C	1.208459e-03	5.469915e-03	14895	2011
chr4	67169001	G	A	NA	9.372071e-04	0	8536
chr4	67755479	A	G	NA	1.623377e-03	0	1232
chr4	71570496	A	.	0.000000e+00	NA	14685	0
chr4	71570518	A	G	3.176620e-03	NA	1574	0
chr4	71752624	A	G	2.051703e-04	NA	9748	0
chr4	78066003	A	G	1.898919e-03	NA	6846	818
chr4	78318909	A	G	1.249219e-03	NA	9606	807
chr4	78318946	T	G	9.602458e-05	NA	10414	0
chr4	87663927	A	G	NA	2.567310e-03	0	15191
chr4	87663948	T	G	6.582845e-05	NA	15191	0
chr4	95157037	A	G	1.027679e-03	NA	14596	0
chr4	102634835	A	G	NA	2.016750e-03	0	35701
chr4	107947359	T	C	NA	1.096551e-03	0	36478
chr4	109945250	G	.	0.000000e+00	NA	18524	0
chr4	110012674	C	A	1.393312e-02	NA	5024	0
chr4	110012699	T	C	NA	1.738794e-03	0	5176
chr4	110012720	T	.	0.000000e+00	NA	5176	0
chr4	122744237	G	C	5.261220e-05	NA	19007	0
chr4	122744273	G	A	NA	1.895136e-03	0	18996
chr4	124199102	A	G	2.498078e-03	2.377106e-03	5204	43330
chr4	145658042	T	C	1.327220e-03	NA	8288	0
chr4	156568735	C	.	0.000000e+00	NA	8145	0
chr4	156568754	G	A	NA	2.456399e-04	0	8142
chr4	168497116	A	T	4.460303e-03	NA	1121	0
chr4	168742481	G	T	9.752292e-05	NA	10254	0
chr4	183679448	A	G	1.968947e-03	2.933985e-03	17776	2045
chr4	183861492	T	G	6.100537e-05	NA	16392	0
chr5	2706507	T	C	1.022656e-03	NA	12712	0
chr5	2879281	G	A	NA	2.367705e-04	0	8447
chr5	6605419	C	A	5.871991e-03	1.510321e-03	1703	11918
chr5	6605448	A	G	2.202481e-04	NA	13621	0
chr5	13692147	A	.	0.000000e+00	NA	4046	0
chr5	13769148	T	A	1.628286e-03	NA	34392	0
chr5	13814573	T	C	1.993422e-03	NA	10033	0
chr5	13931096	G	C	NA	1.004874e-03	0	19903
chr5	16508602	C	.	0.000000e+00	NA	4004	0
chr5	17374781	T	.	0.000000e+00	NA	7951	0
chr5	35692673	T	A	NA	5.159959e-03	0	1938
chr5	35877724	A	T	4.347826e-03	NA	2760	0
chr5	39342206	C	T	2.425475e-03	NA	12781	0
chr5	41199857	G	T	3.258239e-03	NA	10742	0
chr5	42719724	G	A	2.209456e-03	NA	2263	0
chr5	53560674	G	C	NA	7.322294e-04	0	17754
chr5	58739139	G	A	NA	2.508361e-03	0	2392
chr5	58739146	T	G	4.441878e-05	NA	22513	0
chr5	58972152	A	C	2.080516e-04	NA	9613	0
chr5	73794436	T	C	1.314780e-03	NA	18254	0
chr5	73849031	T	A	1.145475e-04	NA	17460	0
chr5	77427066	T	C	NA	1.944164e-03	0	12859
chr5	77427070	A	G	1.727116e-03	2.256458e-03	1737	12852
chr5	78228249	A	.	0.000000e+00	NA	6584	0
chr5	78228267	A	G	1.203990e-03	NA	5814	0
chr5	78779095	C	A	4.056795e-03	NA	8381	0
chr5	83581899	A	G	3.092146e-04	NA	6468	0
chr5	88719728	A	C	NA	1.465969e-03	0	4775
chr5	88719749	T	C	1.846381e-04	NA	5416	0
chr5	92634482	A	G	NA	1.901452e-03	0	30503
chr5	102009053	C	T	NA	6.760910e-03	0	1627
chr5	102009100	C	T	NA	1.796893e-03	0	17252
chr5	106171842	G	A	NA	9.745089e-04	0	19497
chr5	106171856	C	T	6.667009e-04	NA	19499	0
chr5	115952125	G	T	NA	1.455375e-03	0	25423
chr5	119526018	A	G	NA	4.704301e-03	0	1488
chr5	119526030	G	.	0.000000e+00	NA	13845	0
chr5	126544239	G	A	NA	1.513814e-03	0	7927
chr5	126544255	A	T	1.260875e-04	NA	7931	0
chr5	126544289	G	A	NA	1.261193e-04	0	7929
chr5	126836285	A	G	1.273237e-04	NA	7854	0
chr5	127290953	G	A	1.440584e-03	NA	59698	0
chr5	127457527	C	G	1.472341e-03	NA	14263	0
chr5	128537941	C	A	3.777862e-04	NA	2647	0
chr5	136056774	A	C	2.361089e-04	NA	12706	0
chr5	137297646	C	G	1.331203e-04	NA	7512	0
chr5	137297649	G	A	NA	1.602564e-03	645	6864
chr5	140647604	C	.	0.000000e+00	NA	8253	0
chr5	140647631	T	C	NA	7.666752e-04	0	7826
chr5	141576210	C	T	1.571092e-03	NA	16549	0
chr5	143278589	C	A	4.052192e-04	NA	12339	0
chr5	148108769	G	.	0.000000e+00	NA	11787	0
chr5	151269592	C	T	4.333240e-03	2.160494e-03	7154	51840
chr5	155423854	C	A	3.712871e-04	NA	8080	0
chr5	159315948	T	C	8.161045e-04	NA	11028	0
chr5	160060911	T	.	0.000000e+00	NA	9387	0
chr5	160060946	G	A	NA	1.056586e-03	0	8518
chr5	161847204	G	.	0.000000e+00	NA	9342	0
chr5	161847218	A	G	3.976143e-03	NA	1006	0
chr5	162153977	C	T	NA	3.642987e-03	0	1098
chr5	162154000	T	.	0.000000e+00	NA	10767	0
chr5	162154029	T	A	NA	3.646308e-03	0	1097
chr5	170009949	T	A	NA	3.710575e-03	0	1078
chr5	172422457	C	T	3.007519e-05	NA	66500	0
chr5	172422467	G	A	1.522556e-02	NA	5320	0
chr5	173235021	T	C	NA	2.675943e-04	0	14948
chr5	175351675	A	G	0.000000e+00	NA	1450	0
chr5	177209881	C	T	NA	3.401361e-03	0	1764
chr5	179113025	A	G	NA	7.085020e-04	0	19760
chr5	179263729	C	A	2.480466e-04	NA	8063	0
chr5	179343797	G	.	0.000000e+00	NA	2908	0
chr5	179833199	G	C	5.629680e-05	NA	17763	0
chr5	179833213	G	A	NA	3.495078e-04	0	17167
chr6	477080	T	C	1.583281e-04	NA	6316	0
chr6	1135704	T	A	NA	2.640513e-03	0	2651
chr6	1135726	T	.	0.000000e+00	NA	3325	0
chr6	4517206	A	T	1.245951e-04	NA	8026	0
chr6	4517214	C	T	NA	1.125018e-03	0	7111
chr6	9021141	G	A	1.253447e-04	NA	7978	0
chr6	9021185	A	G	2.216066e-03	NA	7220	755
chr6	12059721	G	A	NA	2.226828e-03	0	71402
chr6	42722001	G	.	0.000000e+00	NA	19149	0
chr6	44301456	C	T	6.984324e-04	NA	12886	0
chr6	47626986	G	A	NA	9.510870e-04	0	7360
chr6	47627022	A	.	0.000000e+00	NA	8227	0
chr6	49435569	T	C	9.760632e-03	NA	4303	0
chr6	51775953	C	G	NA	7.239382e-04	0	4144
chr6	55290902	G	.	0.000000e+00	NA	35993	0
chr6	55290906	C	A	3.304821e-03	NA	5144	0
chr6	64912570	A	G	NA	9.344630e-04	0	16052
chr6	70274762	C	A	1.108402e-04	NA	9022	0
chr6	87656884	A	G	6.180470e-04	NA	12944	0
chr6	87656911	A	G	6.842285e-05	NA	14615	0
chr6	101799798	T	C	NA	8.543763e-04	0	10534
chr6	108044419	A	.	0.000000e+00	NA	6642	0
chr6	108044454	T	C	NA	9.920635e-04	0	1008
chr6	109786305	T	G	8.862629e-04	NA	54160	0
chr6	109786314	T	C	NA	8.651073e-03	0	6242
chr6	109825069	C	T	9.208103e-04	NA	10860	0
chr6	109825100	G	A	1.140724e-03	NA	9643	0
chr6	116922133	A	G	1.020304e-04	NA	9801	0
chr6	117207488	G	A	7.311129e-03	NA	1231	0
chr6	120239481	C	T	1.780944e-03	NA	2246	0
chr6	120239548	T	A	NA	1.780944e-03	0	2246
chr6	123218495	T	C	2.460327e-04	NA	8129	0
chr6	123218539	C	T	4.293074e-04	NA	6988	0
chr6	123573800	A	C	1.122586e-04	NA	8908	0
chr6	127142231	C	A	NA	9.573042e-04	0	10446
chr6	129291701	A	G	1.305483e-04	NA	22980	0
chr6	129313110	G	A	NA	3.819810e-03	0	7592
chr6	129401233	G	T	1.279591e-04	NA	7815	0
chr6	129401244	A	G	1.278046e-03	NA	7042	0
chr6	129486484	C	T	NA	1.944915e-03	0	47817
chr6	131892483	G	C	2.805049e-03	NA	1426	0
chr6	133468590	G	A	NA	4.889378e-04	0	8181
chr6	135318506	C	T	NA	2.442599e-03	0	2047
chr6	136913821	G	A	1.055855e-04	NA	9471	0
chr6	136913832	T	G	NA	1.918404e-03	0	7819
chr6	137219233	A	G	NA	9.475679e-04	0	6332
chr6	143485139	A	G	NA	1.340483e-03	0	1492
chr6	143485172	C	T	6.395907e-05	NA	15635	0
chr6	146434706	C	A	NA	1.633987e-03	0	7956
chr6	146434727	C	.	0.000000e+00	NA	8653	0
chr6	150552617	T	C	7.638252e-05	NA	13092	0
chr6	150552630	C	T	1.006458e-03	5.998286e-03	11923	1167
chr6	152221399	A	G	5.438638e-03	NA	4229	0
chr6	152455615	G	A	1.006824e-03	NA	26817	0
chr6	158148854	T	C	NA	3.883495e-03	0	1545
chr6	158148870	A	G	6.269986e-05	NA	15949	0
chr6	164624257	C	T	NA	1.812908e-04	0	5516
chr6	164624274	T	G	1.812908e-04	NA	5516	0
chr6	164624301	G	T	NA	2.263374e-03	0	4860
chr6	167270358	T	G	NA	1.267287e-03	0	18149
chr6	167270380	A	G	7.162929e-04	NA	18149	0
chr7	2906827	T	C	2.958580e-03	NA	4732	0
chr7	2906839	C	A	2.005616e-04	NA	4986	0
chr7	4417351	T	G	1.933737e-04	NA	15514	0
chr7	13854625	T	C	1.391208e-04	NA	7188	0
chr7	13854651	A	G	NA	6.197707e-04	733	6454
chr7	18727720	A	G	6.644518e-03	1.185115e-03	1505	12657
chr7	21861969	C	G	6.664001e-05	NA	15006	0
chr7	22976202	T	C	8.235197e-05	NA	12143	0
chr7	22976212	T	C	NA	3.709199e-03	0	1348
chr7	32358296	C	T	NA	2.207402e-03	0	21292
chr7	33970298	C	T	8.191350e-05	NA	12208	0
chr7	37894632	G	A	1.964637e-03	8.286377e-04	1018	6034
chr7	37894672	T	G	1.418037e-04	NA	7052	0
chr7	41964100	G	T	8.016032e-04	NA	2495	0
chr7	42048623	T	C	1.377031e-03	4.453241e-03	18155	2021
chr7	42048653	A	G	6.937218e-04	NA	20181	0
chr7	52943747	T	C	NA	1.046755e-03	0	8598
chr7	55171181	T	A	NA	1.204819e-04	0	8300
chr7	66641888	A	G	NA	9.852217e-04	797	8120
chr7	67525882	C	A	2.224694e-04	NA	4495	0
chr7	80602188	G	C	NA	7.383343e-04	0	6772
chr7	83400122	C	T	1.451972e-03	NA	44078	0
chr7	83961536	T	C	NA	1.578331e-03	0	58923
chr7	87453004	C	A	1.240524e-03	NA	7255	0
chr7	94401552	T	.	0.000000e+00	NA	2769	0
chr7	94401587	T	C	2.448980e-03	NA	2450	0
chr7	96171508	T	C	NA	1.779594e-03	0	15172
chr7	96933644	T	G	8.588852e-05	NA	11643	0
chr7	101139179	G	A	NA	1.103996e-03	318	4529
chr7	101139194	A	.	0.000000e+00	NA	4847	0
chr7	103412988	A	G	NA	1.157286e-03	0	9505
chr7	103413010	A	.	0.000000e+00	NA	10615	0
chr7	103566787	T	C	NA	1.733338e-03	0	58846
chr7	107362361	A	G	2.292606e-03	2.312521e-03	51906	6054
chr7	107557960	A	T	1.000770e-03	NA	12990	0
chr7	107929072	A	G	NA	1.277275e-03	0	18790
chr7	116795688	A	G	1.896094e-04	NA	5274	0
chr7	116795714	C	T	NA	8.479966e-04	0	4717
chr7	117589478	T	C	1.119445e-04	NA	8933	0
chr7	117589483	T	A	5.952381e-03	5.049867e-04	1008	7921
chr7	127615778	C	T	7.811279e-05	NA	12802	0
chr7	128850525	A	.	0.000000e+00	NA	3092	0
chr7	129001172	G	C	1.215559e-03	NA	34552	0
chr7	138771243	A	G	NA	6.481263e-04	0	16972
chr7	151007125	C	A	2.319109e-04	NA	4312	0
chr7	151007162	C	G	6.034700e-03	NA	3977	0
chr7	156198119	T	C	NA	0.000000e+00	0	11747
chr8	5390815	G	C	NA	1.490868e-03	539	5366
chr8	6409239	A	G	1.391208e-04	NA	7188	0
chr8	6621646	A	.	0.000000e+00	NA	9218	0
chr8	6621657	C	A	5.568549e-04	NA	8979	0
chr8	10606796	G	.	0.000000e+00	NA	5875	0
chr8	14977188	G	A	1.326260e-03	3.205128e-03	8294	1248
chr8	18067334	T	.	0.000000e+00	NA	1581	0
chr8	27803568	G	A	0.000000e+00	NA	1923	0
chr8	27803607	A	G	1.905125e-04	NA	5249	0
chr8	28553555	T	C	NA	3.382664e-03	0	2365
chr8	41696410	C	G	NA	1.512224e-03	0	23806
chr8	63059765	C	T	1.742768e-03	NA	2869	572
chr8	73981683	G	T	8.700696e-04	NA	3448	0
chr8	74191960	C	T	2.278673e-03	NA	11849	0
chr8	76980598	A	T	1.301727e-03	NA	14596	0
chr8	86574166	C	T	7.458164e-04	NA	21453	0
chr8	104266574	T	G	6.497726e-03	NA	1539	0
chr8	104266599	T	C	6.320313e-05	NA	15822	0
chr8	104266606	A	G	6.497726e-03	NA	1539	0
chr8	108710214	C	A	2.314815e-03	NA	1296	0
chr8	108736840	G	A	1.130511e-03	NA	7961	0
chr8	115409708	A	C	NA	1.005686e-03	0	25853
chr8	118952044	G	A	NA	7.770008e-04	0	7722
chr8	133113438	G	A	NA	6.562611e-03	0	5638
chr8	133280273	A	G	NA	4.301692e-03	0	3487
chr8	140024092	A	T	NA	1.870525e-02	0	6843
chr8	142026701	T	A	5.025378e-05	NA	19899	0
chr8	142026718	C	T	1.548153e-03	7.725322e-03	18732	1165
chr8	142911245	C	T	2.889130e-04	NA	13845	0
chr9	271647	G	A	4.860661e-04	NA	6172	0
chr9	4576680	T	C	NA	2.950474e-03	0	4745
chr9	5081780	G	A	NA	1.106059e-03	0	8137
chr9	10603102	A	G	4.040404e-03	NA	1485	0
chr9	13125222	T	G	8.338545e-05	NA	23985	0
chr9	14747110	C	T	1.361748e-04	NA	14687	0
chr9	21862272	A	C	3.997716e-03	5.677338e-03	1751	12682
chr9	27985941	T	C	9.565716e-05	NA	10454	0
chr9	35093023	T	C	9.293680e-04	NA	1076	0
chr9	36214974	G	A	1.939455e-03	NA	11859	0
chr9	74821725	G	A	1.647864e-03	NA	7889	0
chr9	77371141	A	G	1.889339e-03	NA	3705	0
chr9	83853800	A	T	1.423053e-03	NA	9838	0
chr9	94617761	G	A	8.789723e-03	NA	1479	0
chr9	95100419	A	G	NA	6.594614e-04	0	27295
chr9	97428498	A	G	NA	1.595994e-03	0	63910
chr9	99153883	T	G	8.554320e-04	1.545936e-03	2338	22640
chr9	101421752	G	A	1.297690e-04	NA	15412	0
chr9	104861748	C	T	NA	4.370629e-03	0	1144
chr9	104861766	T	C	2.738976e-04	NA	3651	0
chr9	108891287	C	A	1.282216e-04	NA	7799	0
chr9	108891294	C	G	9.803922e-04	NA	1020	0
chr9	108934073	A	C	1.120448e-04	NA	8925	0
chr9	109098138	T	C	NA	1.996008e-03	0	1503
chr9	118456441	C	T	NA	1.242974e-03	0	18504
chr9	118456475	G	.	0.000000e+00	NA	19338	0
chr9	121006922	C	T	1.044309e-03	NA	6703	0
chr9	121006959	G	T	1.321353e-04	NA	7568	0
chr9	126205784	C	T	7.144771e-04	NA	11197	0
chr9	127938484	C	T	1.481481e-04	NA	6750	0
chr9	128222476	C	T	2.926544e-04	NA	13668	240
chr9	128908666	A	G	5.201290e-05	NA	19226	0
chr9	128908673	C	T	3.697248e-04	NA	18933	0
chr9	131036319	C	T	NA	1.715266e-03	0	6413
chr9	131036332	C	G	3.120125e-04	NA	6410	0
chr9	132278281	C	T	NA	9.549795e-04	902	7330
chr9	132278286	T	C	NA	1.227998e-03	901	7329
chr9	132278308	T	C	1.214624e-04	NA	8233	0
chr9	134525450	G	A	5.760369e-05	NA	17360	0
chr9	134525459	A	G	NA	5.184332e-04	0	17360
chr9	134810376	C	.	0.000000e+00	NA	7215	0
chr9	134843428	A	T	NA	8.875978e-04	215	12393
chrX	8535563	C	.	0.000000e+00	NA	11128	0
chrX	8535600	G	A	NA	2.365846e-03	0	9299
chrX	13734776	G	T	NA	1.087482e-03	0	8276
chrX	21843316	A	G	8.665511e-04	NA	8078	0
chrX	21843348	G	.	0.000000e+00	NA	9867	0
chrX	22032916	A	G	NA	1.651982e-03	0	5448
chrX	24055644	C	T	NA	1.882306e-03	0	10094
chrX	32545146	A	G	4.243979e-03	2.417057e-03	10132	39304
chrX	33340641	C	T	NA	2.287457e-03	0	5246
chrX	33340660	T	.	0.000000e+00	NA	6816	0
chrX	38323539	C	T	3.408410e-03	NA	21711	0
chrX	41475393	C	A	2.190101e-04	NA	4566	0
chrX	41475408	G	C	5.552618e-03	NA	3782	784
chrX	47446988	T	G	3.624064e-04	NA	8278	0
chrX	47447023	T	C	9.188361e-04	NA	6530	0
chrX	48523786	G	T	1.358564e-03	NA	10305	0
chrX	49249149	T	C	NA	3.821400e-03	0	4972
chrX	53422619	G	A	1.373155e-03	2.029770e-03	11652	1478
chrX	53614686	T	C	2.923149e-03	2.077562e-03	10605	2888
chrX	53614701	G	C	7.411250e-05	NA	13493	0
chrX	54455400	C	G	NA	6.159803e-04	0	11364
chrX	57448699	T	C	NA	1.221919e-03	0	10639
chrX	57448736	T	C	7.589557e-05	NA	13176	0
chrX	72572033	C	T	2.642008e-03	NA	7570	0
chrX	72572062	C	T	1.082418e-03	3.636364e-03	6467	1100
chrX	78020916	C	A	2.370722e-03	NA	6749	0
chrX	78020945	G	.	0.000000e+00	NA	8494	0
chrX	80669711	T	.	0.000000e+00	NA	8132	0
chrX	80669747	A	G	NA	1.099246e-03	0	6368
chrX	101349658	T	C	5.576208e-04	NA	5380	0
chrX	101349693	C	T	1.831502e-03	NA	4368	0
chrX	108174500	G	A	NA	2.048780e-03	0	10250
chrX	108575993	T	C	NA	8.172160e-04	0	3671
chrX	120456642	T	.	0.000000e+00	NA	3158	0
chrX	123913073	T	G	NA	1.818595e-03	0	4399
chrX	124346297	C	T	NA	6.926315e-04	0	18769
chrX	124346308	A	G	1.598040e-04	NA	18773	0
chrX	131281807	T	G	1.758706e-04	NA	5686	0
chrX	131281844	T	C	NA	5.276117e-04	0	5686
